SEGMENTO_PAIS|TIPO_DOCUMENTO|NUMERO_IDENTIFICACION_FISCAL|RAZON_SOCIAL|SUNAT_ESTADO_RUC|SUNAT_ESTADO_CONTRIBUYENTE|SUNAT_DEPARTAMENTO|SUNAT_PROVINCIA|SUNAT_DISTRITO|NUMERO_CELULAR
SEGMENTO_002|RUC|2042422772|CLIENT_00369|HABIDO|ACTIVO|LIMA|Lima|San Isidro|901019736
SEGMENTO_002|RUC|2006917349|CLIENT_00708|HABIDO|ACTIVO|LIMA|Lima|Miraflores|914005415
SEGMENTO_004|RUC|2094402346|CLIENT_00137|HABIDO|ACTIVO|LIMA|Lima|San Isidro|915735290
SEGMENTO_004|RUC|2088958700|CLIENT_00840|HABIDO|ACTIVO|LIMA|Lima|Chorrillos|902898929
SEGMENTO_004|RUC|2047770405|CLIENT_00867|HABIDO|ACTIVO|PUNO|Puno|Puno|916735975
SEGMENTO_004|RUC|2044349038|CLIENT_00549|HABIDO|ACTIVO|LIMA|Lima|Santiago de Surco|910017936
SEGMENTO_004|RUC|2074327800|CLIENT_00822|HABIDO|ACTIVO|CAJAMARCA|Jaén|Jaén|947628311
SEGMENTO_004|RUC|2037154486|CLIENT_00895|HABIDO|ACTIVO|JUNIN|Yauli|Santa Rosa de Sacco|941540801
SEGMENTO_004|RUC|2054712522|CLIENT_00762|HABIDO|ACTIVO|LIMA|Lima|San Borja|942505029
SEGMENTO_004|RUC|2053937831|CLIENT_00322|HABIDO|ACTIVO|LIMA|Lima|Lurigancho|942525916
SEGMENTO_003|RUC|2008935428|CLIENT_00164|HABIDO|ACTIVO|LIMA|Lima|Lima|931837308
SEGMENTO_004|RUC|2075370034|CLIENT_00145|HABIDO|ACTIVO|LIMA|Lima|Comas|916728733
SEGMENTO_004|RUC|2027355887|CLIENT_00755|HABIDO|ACTIVO|LIMA|Lima|San Miguel|920300841
SEGMENTO_004|RUC|2068741039|CLIENT_00328|HABIDO|ACTIVO|LIMA|Lima|La Molina|947637105
SEGMENTO_004|RUC|2074819724|CLIENT_00638|HABIDO|ACTIVO|LIMA|Lima|Puente Piedra|929722737
SEGMENTO_002|RUC|2009118790|CLIENT_00144|HABIDO|ACTIVO|LIMA|Lima|San Borja|961945925
SEGMENTO_004|RUC|2001580114|CLIENT_00016|HABIDO|ACTIVO|LIMA|Lima|San Isidro|902923300
SEGMENTO_004|RUC|1042862786|CLIENT_00787|HABIDO|ACTIVO|LIMA|Lima|Miraflores|914223081
SEGMENTO_004|RUC|2009716777|CLIENT_00151|HABIDO|ACTIVO|ANCASH|Santa|Chimbote|920553704
SEGMENTO_004|RUC|2062201122|CLIENT_00210|HABIDO|ACTIVO|LIMA|Lima|San Juan de Miraflores|931220656
SEGMENTO_004|RUC|2077048357|CLIENT_00123|HABIDO|ACTIVO|ANCASH|Santa|Chimbote|931570473
SEGMENTO_004|RUC|2057229878|CLIENT_00373|HABIDO|ACTIVO|JUNIN|Chanchamayo|Chanchamayo|936589833
SEGMENTO_004|RUC|2024668089|CLIENT_00504|HABIDO|ACTIVO|LIMA|Lima|Lima|901009980
SEGMENTO_004|RUC|2087799939|CLIENT_00195|HABIDO|ACTIVO|LAMBAYEQUE|Chiclayo|Chiclayo|914563586
SEGMENTO_004|RUC|2007774830|CLIENT_00695|HABIDO|ACTIVO|HUANUCO|Huánuco|Huanuco|931714235
SEGMENTO_004|RUC|2090276302|CLIENT_00771|HABIDO|ACTIVO|LA LIBERTAD|Trujillo|Trujillo|930797152
SEGMENTO_004|RUC|2046916374|CLIENT_00711|HABIDO|ACTIVO|ICA|Pisco|Pisco|925870388
SEGMENTO_002|RUC|2050799857|CLIENT_00697|HABIDO|ACTIVO|LIMA|Lima|San Isidro|944764964
SEGMENTO_004|RUC|2088077505|CLIENT_00777|HABIDO|ACTIVO|LIMA|Huaura|Huacho|925886188
SEGMENTO_002|RUC|2039216584|CLIENT_00936|HABIDO|ACTIVO|LIMA|Lima|San Isidro|946486345
SEGMENTO_004|RUC|2078965242|CLIENT_00922|HABIDO|ACTIVO|AYACUCHO|Huamanga|Ayacucho|914460657
SEGMENTO_004|RUC|2007950781|CLIENT_00069|HABIDO|ACTIVO|LORETO|Maynas|Iquitos|910021854
SEGMENTO_004|RUC|2024496152|CLIENT_00315|HABIDO|ACTIVO|AREQUIPA|Arequipa|Cerro Colorado|925208424
SEGMENTO_004|RUC|2004240244|CLIENT_00422|HABIDO|ACTIVO|AREQUIPA|Arequipa|Yanahuara|931845677
SEGMENTO_002|RUC|2087028740|CLIENT_00487|HABIDO|ACTIVO|LIMA|Lima|Lima|942515253
SEGMENTO_004|RUC|2068789568|CLIENT_00153|HABIDO|ACTIVO|LIMA|Lima|San Martín de Porres|901300723
SEGMENTO_004|RUC|2089508889|CLIENT_00786|HABIDO|ACTIVO|LIMA|Lima|Miraflores|961365119
SEGMENTO_004|RUC|2082318567|CLIENT_00377|HABIDO|ACTIVO|LIMA|Lima|San Borja|931463884
SEGMENTO_004|RUC|2044512050|CLIENT_00980|HABIDO|ACTIVO|LIMA|Lima|San Borja|946526242
SEGMENTO_004|RUC|2061726816|CLIENT_00637|HABIDO|ACTIVO|LAMBAYEQUE|Chiclayo|Saña|931144133
SEGMENTO_004|RUC|2051947639|CLIENT_00103|HABIDO|BAJA DE OFICIO|LIMA|Lima|San Isidro|947105722
SEGMENTO_004|RUC|2035557284|CLIENT_00828|HABIDO|ACTIVO|LIMA|Lima|Santa Anita|945944761
SEGMENTO_004|RUC|2040443627|CLIENT_00393|HABIDO|ACTIVO|LIMA|Lima|Santiago de Surco|928285302
SEGMENTO_004|RUC|2076142431|CLIENT_00318|HABIDO|ACTIVO|LIMA|Lima|Santiago de Surco|937342156
SEGMENTO_004|RUC|2042840517|CLIENT_00226|HABIDO|ACTIVO|AREQUIPA|Arequipa|Miraflores|910650999
SEGMENTO_004|RUC|2033874362|CLIENT_00792|HABIDO|ACTIVO|CUSCO|Cusco|Cusco|937000942
SEGMENTO_004|RUC|2033800985|CLIENT_00691|HABIDO|ACTIVO|LIMA|Lima|Lima|947388732
SEGMENTO_004|RUC|2004403801|CLIENT_00180|HABIDO|ACTIVO|LIMA|Lima|Santiago de Surco|920365253
SEGMENTO_004|RUC|2018414664|CLIENT_00400|HABIDO|ACTIVO|LIMA|Lima|San Martín de Porres|931396916
SEGMENTO_004|RUC|2050504401|CLIENT_00673|HABIDO|ACTIVO|LIMA|Lima|San Juan de Lurigancho|940328245
SEGMENTO_004|RUC|2021660305|CLIENT_00332|HABIDO|ACTIVO|LIMA|Lima|Magdalena del Mar|914411624
SEGMENTO_004|RUC|2032335674|CLIENT_00620|HABIDO|BAJA DE OFICIO|LIMA|Lima|Santiago de Surco|945507550
SEGMENTO_004|RUC|2052608690|CLIENT_00581|HABIDO|ACTIVO|LIMA|Lima|San Juan de Miraflores|914018272
SEGMENTO_004|RUC|2063121146|CLIENT_00778|HABIDO|ACTIVO|LIMA|Lima|San Juan de Miraflores|942924589
SEGMENTO_004|RUC|2090808430|CLIENT_00946|HABIDO|ACTIVO|LIMA|Lima|San Miguel|925100955
SEGMENTO_004|RUC|2046272291|CLIENT_00829|HABIDO|ACTIVO|LIMA|Lima|Miraflores|917585383
SEGMENTO_004|RUC|2078802807|CLIENT_00099|HABIDO|ACTIVO|LIMA|Lima|San Martín de Porres|942223226
SEGMENTO_004|RUC|2027755534|CLIENT_00163|HABIDO|ACTIVO|LIMA|Lima|San Borja|946224743
SEGMENTO_004|RUC|2081744801|CLIENT_00542|HABIDO|ACTIVO|LIMA|Lima|Miraflores|961400780
SEGMENTO_004|RUC|2012439383|CLIENT_00601|NO HABIDO|BAJA DE OFICIO|CALLAO|Prov. Const. del Callao|Callao|945174111
SEGMENTO_004|RUC|2016587155|CLIENT_00255|HABIDO|ACTIVO|CUSCO|Cusco|San Jerónimo|916870296
SEGMENTO_004|RUC|2034879712|CLIENT_00302|HABIDO|ACTIVO|APURIMAC|Abancay|Abancay|902864414
SEGMENTO_004|RUC|2082221937|CLIENT_00364|HABIDO|ACTIVO|AREQUIPA|Arequipa|Arequipa|925347037
SEGMENTO_002|RUC|2099609997|CLIENT_00740|HABIDO|ACTIVO|LIMA|Lima|San Borja|915594285
SEGMENTO_004|RUC|2061273939|CLIENT_00449|HABIDO|ACTIVO|LAMBAYEQUE|Chiclayo|Chiclayo|902432520
SEGMENTO_004|RUC|2069541043|CLIENT_00362|HABIDO|ACTIVO|LIMA|Lima|Miraflores|910014257
SEGMENTO_004|RUC|2081733189|CLIENT_00101|HABIDO|ACTIVO|LIMA|Lima|La Victoria|946941731
SEGMENTO_004|RUC|2018849431|CLIENT_00586|HABIDO|ACTIVO|LIMA|Lima|La Victoria|901468877
SEGMENTO_004|RUC|2024619182|CLIENT_00963|HABIDO|ACTIVO|LIMA|Lima|Villa María del Triunfo|961975003
SEGMENTO_004|RUC|2004984092|CLIENT_00883|HABIDO|ACTIVO|LIMA|Lima|Barranco|925266094
SEGMENTO_004|RUC|2029816520|CLIENT_00874|HABIDO|ACTIVO|LIMA|Lima|Independencia|945860188
SEGMENTO_004|RUC|2045418905|CLIENT_00576|HABIDO|ACTIVO|LIMA|Lima|San Borja|961247101
SEGMENTO_004|RUC|2040860442|CLIENT_00783|HABIDO|ACTIVO|LIMA|Lima|Pueblo Libre|915162407
SEGMENTO_004|RUC|2047611797|CLIENT_00924|HABIDO|ACTIVO|LIMA|Lima|La Victoria|944820141
SEGMENTO_004|RUC|2091452099|CLIENT_00990|HABIDO|ACTIVO|LIMA|Lima|Lima|914367824
SEGMENTO_004|RUC|2098293784|CLIENT_00265|HABIDO|ACTIVO|SAN MARTIN|Tocache|Tocache|947149024
SEGMENTO_004|RUC|2047431289|CLIENT_00045|HABIDO|ACTIVO|CUSCO|Cusco|Santiago|914683614
SEGMENTO_004|RUC|2030739572|CLIENT_00552|HABIDO|ACTIVO|LIMA|Cañete|Mala|902675514
SEGMENTO_004|RUC|2046868113|CLIENT_00397|NO HABIDO|BAJA DE OFICIO|AMAZONAS|Bongará|Jazan|945411491
SEGMENTO_004|RUC|2043153301|CLIENT_00849|HABIDO|ACTIVO|LIMA|Lima|San Juan de Miraflores|915941455
SEGMENTO_004|RUC|2032243442|CLIENT_00656|HABIDO|ACTIVO|LIMA|Lima|La Victoria|945203917
SEGMENTO_004|RUC|2048306935|CLIENT_00452|HABIDO|ACTIVO|PUNO|San Román|Juliaca|929184695
SEGMENTO_004|RUC|2009768742|CLIENT_00967|HABIDO|ACTIVO|SAN MARTIN|Moyobamba|Moyobamba|947658512
SEGMENTO_004|RUC|2042005584|CLIENT_00724|HABIDO|ACTIVO|AREQUIPA|Arequipa|Jacobo Hunter|928441100
SEGMENTO_004|RUC|2064266045|CLIENT_00606|HABIDO|ACTIVO|LAMBAYEQUE|Chiclayo|Chiclayo|910608547
SEGMENTO_004|RUC|2048828836|CLIENT_00869|HABIDO|ACTIVO|LA LIBERTAD|Trujillo|Trujillo|937692533
SEGMENTO_004|RUC|2097314646|CLIENT_00429|HABIDO|ACTIVO|ICA|Ica|Ica|942580284
SEGMENTO_004|RUC|2041230831|CLIENT_00071|HABIDO|BAJA DE OFICIO|LIMA|Lima|Jesús María|914334920
SEGMENTO_004|RUC|2014579954|CLIENT_00512|HABIDO|ACTIVO|LIMA|Lima|La Victoria|942115778
SEGMENTO_004|RUC|2070148979|CLIENT_00202|HABIDO|ACTIVO|LIMA|Lima|La Molina|946862698
SEGMENTO_004|RUC|2053125283|CLIENT_00112|HABIDO|ACTIVO|CUSCO|Cusco|Cusco|944793833
SEGMENTO_004|RUC|2064993907|CLIENT_00925|HABIDO|ACTIVO|ICA|Ica|Ica|931798628
SEGMENTO_004|RUC|2023119208|CLIENT_00003|HABIDO|ACTIVO|LIMA|Lima|Ate|929218073
SEGMENTO_004|RUC|2039714658|CLIENT_00290|HABIDO|ACTIVO|LIMA|Lima|Santiago de Surco|930196779
SEGMENTO_004|RUC|2017592496|CLIENT_00970|HABIDO|ACTIVO|LIMA|Lima|San Juan de Lurigancho|931543136
SEGMENTO_004|RUC|2056936489|CLIENT_00469|HABIDO|ACTIVO|LIMA|Lima|San Juan de Lurigancho|929328078
SEGMENTO_004|RUC|2001919358|CLIENT_00658|HABIDO|ACTIVO|LIMA|Lima|Lince|901071566
SEGMENTO_004|RUC|2097061252|CLIENT_00368|HABIDO|ACTIVO|LIMA|Lima|Barranco|910035790
SEGMENTO_004|RUC|2005539193|CLIENT_00228|HABIDO|ACTIVO|LIMA|Lima|San Martín de Porres|925451641
SEGMENTO_004|RUC|2061611588|CLIENT_00499|HABIDO|ACTIVO|LA LIBERTAD|Trujillo|Trujillo|928810009
SEGMENTO_004|RUC|2091736052|CLIENT_00652|HABIDO|ACTIVO|LIMA|Lima|Miraflores|928734987
SEGMENTO_004|RUC|2040276207|CLIENT_00386|NO HABIDO|ACTIVO|CALLAO|Prov. Const. del Callao|Callao|947257001
SEGMENTO_004|RUC|2035220905|CLIENT_00655|HABIDO|ACTIVO|LIMA|Lima|La Molina|941855648
SEGMENTO_004|RUC|2068926847|CLIENT_00666|HABIDO|ACTIVO|LIMA|Lima|Surquillo|941396080
SEGMENTO_004|RUC|2094577730|CLIENT_00415|HABIDO|ACTIVO|LIMA|Lima|Santiago de Surco|920675738
SEGMENTO_004|RUC|2017938134|CLIENT_00866|HABIDO|ACTIVO|AREQUIPA|Camaná|Samuel Pastor|942338266
SEGMENTO_004|RUC|2043037576|CLIENT_00102|HABIDO|ACTIVO|LIMA|Lima|San Borja|942240469
SEGMENTO_004|RUC|2061195913|CLIENT_00760|HABIDO|ACTIVO|LIMA|Lima|San Juan de Lurigancho|940586232
SEGMENTO_004|RUC|2022681851|CLIENT_00304|HABIDO|BAJA DE OFICIO|LIMA|Lima|Surquillo|928882278
SEGMENTO_004|RUC|2096030030|CLIENT_00475|HABIDO|ACTIVO|SAN MARTIN|San Martín|Tarapoto|944465565
SEGMENTO_004|RUC|2025967685|CLIENT_00216|HABIDO|ACTIVO|CAJAMARCA|Cajamarca|Cajamarca|901441568
SEGMENTO_004|RUC|2060826481|CLIENT_00672|HABIDO|ACTIVO|APURIMAC|Andahuaylas|Andahuaylas|901911822
SEGMENTO_002|RUC|2079585159|CLIENT_00559|HABIDO|ACTIVO|LIMA|Cañete|Asia|901007702
SEGMENTO_004|RUC|2042736285|CLIENT_00790|HABIDO|ACTIVO|LA LIBERTAD|Trujillo|Trujillo|920928107
SEGMENTO_004|RUC|2022190206|CLIENT_00446|NO HABIDO|BAJA DE OFICIO|LIMA|Lima|Surquillo|920614381
SEGMENTO_004|RUC|2057750040|CLIENT_00558|HABIDO|ACTIVO|LIMA|Lima|Miraflores|944332329
SEGMENTO_004|RUC|2083236096|CLIENT_00044|HABIDO|ACTIVO|LIMA|Lima|Chorrillos|928052201
SEGMENTO_004|RUC|2070262664|CLIENT_00155|HABIDO|ACTIVO|CUSCO|Cusco|Cusco|941597833
SEGMENTO_004|RUC|2091840603|CLIENT_00602|HABIDO|ACTIVO|HUANUCO|Huánuco|Huanuco|936420090
SEGMENTO_004|RUC|2011020714|CLIENT_00404|HABIDO|ACTIVO|LIMA|Lima|Los Olivos|961712832
SEGMENTO_004|RUC|2036119586|CLIENT_00605|HABIDO|ACTIVO|LIMA|Lima|San Isidro|941934953
SEGMENTO_004|RUC|2054553077|CLIENT_00093|HABIDO|ACTIVO|JUNIN|Junín|Junin|930860539
SEGMENTO_004|RUC|2047909598|CLIENT_00269|HABIDO|ACTIVO|LORETO|Alto Amazonas|Yurimaguas|947438135
SEGMENTO_004|RUC|2038848428|CLIENT_00847|HABIDO|ACTIVO|LIMA|Lima|San Juan de Miraflores|930835877
SEGMENTO_004|RUC|2054283108|CLIENT_00682|HABIDO|ACTIVO|LIMA|Lima|Ate|941666459
SEGMENTO_004|RUC|2064043539|CLIENT_00599|HABIDO|ACTIVO|LIMA|Lima|Miraflores|925643442
SEGMENTO_004|RUC|2050348529|CLIENT_00770|HABIDO|ACTIVO|LIMA|Lima|Lince|928857749
SEGMENTO_004|RUC|2070054625|CLIENT_00725|HABIDO|ACTIVO|MOQUEGUA|Ilo|Ilo|910856240
SEGMENTO_002|RUC|2087841208|CLIENT_00474|HABIDO|ACTIVO|PIURA|Piura|Piura|961076750
SEGMENTO_004|RUC|2034994857|CLIENT_00519|HABIDO|ACTIVO|LIMA|Lima|San Juan de Lurigancho|902161295
SEGMENTO_004|RUC|2051341964|CLIENT_00219|HABIDO|ACTIVO|LIMA|Lima|Santiago de Surco|916431860
SEGMENTO_004|RUC|2029838667|CLIENT_00775|HABIDO|ACTIVO|LIMA|Lima|Surquillo|914486578
SEGMENTO_004|RUC|2085300720|CLIENT_00565|HABIDO|ACTIVO|LIMA|Lima|San Isidro|928498888
SEGMENTO_004|RUC|2097998127|CLIENT_00891|HABIDO|ACTIVO|LIMA|Lima|Surquillo|917957330
SEGMENTO_004|RUC|2036252758|CLIENT_00485|HABIDO|ACTIVO|LIMA|Lima|Santiago de Surco|936365251
SEGMENTO_004|RUC|2038298370|CLIENT_00249|HABIDO|ACTIVO|LIMA|Lima|San Juan de Miraflores|936995530
SEGMENTO_004|RUC|2066464531|CLIENT_00087|NO HABIDO|SUSPENSION TEMPORAL|LIMA|Lima|San Martín de Porres|928201083
SEGMENTO_004|RUC|2053585542|CLIENT_00846|HABIDO|ACTIVO|LIMA|Lima|San Juan de Lurigancho|930434713
SEGMENTO_004|RUC|2003740540|CLIENT_00568|HABIDO|BAJA DE OFICIO|LIMA|Lima|Santiago de Surco|917829518
SEGMENTO_002|RUC|2027994752|CLIENT_00081|HABIDO|ACTIVO|LIMA|Lima|Miraflores|902589234
SEGMENTO_004|RUC|2067346691|CLIENT_00086|HABIDO|ACTIVO|LIMA|Lima|Barranco|916530629
SEGMENTO_004|RUC|2088859624|CLIENT_00594|HABIDO|ACTIVO|LIMA|Lima|La Victoria|945279184
SEGMENTO_004|RUC|2025650857|CLIENT_00466|HABIDO|ACTIVO|PIURA|Piura|Piura|902538774
SEGMENTO_004|RUC|2031395900|CLIENT_00781|HABIDO|ACTIVO|LIMA|Lima|La Victoria|944841209
SEGMENTO_004|RUC|2011067330|CLIENT_00113|HABIDO|ACTIVO|LAMBAYEQUE|Chiclayo|José Leonardo Ortiz|942312739
SEGMENTO_004|RUC|2008330743|CLIENT_00241|HABIDO|ACTIVO|LA LIBERTAD|Trujillo|El Porvenir|901239664
SEGMENTO_004|RUC|2080284452|CLIENT_00739|HABIDO|BAJA DE OFICIO|LIMA|Barranca|Barranca|961961031
SEGMENTO_004|RUC|2014968629|CLIENT_00674|HABIDO|ACTIVO|LIMA|Lima|Lima|901924741
SEGMENTO_004|RUC|2039317482|CLIENT_00517|HABIDO|ACTIVO|LIMA|Lima|Surquillo|947750861
SEGMENTO_004|RUC|2046930363|CLIENT_00514|HABIDO|BAJA DE OFICIO|PUNO|San Román|Juliaca|920201041
SEGMENTO_004|RUC|2075957069|CLIENT_00305|HABIDO|ACTIVO|AREQUIPA|Arequipa|Sachaca|936263734
SEGMENTO_004|RUC|2025402020|CLIENT_00130|HABIDO|ACTIVO|CALLAO|Prov. Const. del Callao|Ventanilla|916901121
SEGMENTO_004|RUC|2086906355|CLIENT_00933|HABIDO|ACTIVO|LIMA|Lima|Miraflores|941828815
SEGMENTO_002|RUC|2024654901|CLIENT_00714|HABIDO|ACTIVO|LIMA|Lima|Miraflores|942246765
SEGMENTO_004|RUC|2077669628|CLIENT_00032|HABIDO|ACTIVO|LIMA|Lima|Ate|914753516
SEGMENTO_004|RUC|2069501836|CLIENT_00263|HABIDO|BAJA DE OFICIO|LIMA|Lima|San Martín de Porres|942991225
SEGMENTO_004|RUC|2067472025|CLIENT_00049|HABIDO|ACTIVO|LIMA|Lima|Lima|945756422
SEGMENTO_004|RUC|2003660112|CLIENT_00090|HABIDO|ACTIVO|LIMA|Lima|Lince|941500909
SEGMENTO_004|RUC|2001304335|CLIENT_00428|HABIDO|ACTIVO|LIMA|Lima|San Miguel|929232904
SEGMENTO_004|RUC|2064277467|CLIENT_00871|HABIDO|ACTIVO|AREQUIPA|Arequipa|Arequipa|945337827
SEGMENTO_004|RUC|2024425530|CLIENT_00124|HABIDO|ACTIVO|LIMA|Lima|Villa El Salvador|917447029
SEGMENTO_002|RUC|2045641140|CLIENT_00319|HABIDO|ACTIVO|LIMA|Lima|Santiago de Surco|940016467
SEGMENTO_004|RUC|2048226249|CLIENT_00600|HABIDO|ACTIVO|LIMA|Lima|Chorrillos|942198656
SEGMENTO_004|RUC|2021563134|CLIENT_00471|HABIDO|ACTIVO|PUNO|San Román|Juliaca|915322571
SEGMENTO_004|RUC|2059725559|CLIENT_00880|HABIDO|BAJA DEFINITIVA|LIMA|Lima|San Isidro|937647887
SEGMENTO_004|RUC|2071586209|CLIENT_00004|HABIDO|ACTIVO|LIMA|Lima|Santiago de Surco|916886124
SEGMENTO_004|RUC|2020228816|CLIENT_00854|HABIDO|ACTIVO|LIMA|Barranca|Barranca|942591439
SEGMENTO_004|RUC|2016725272|CLIENT_00478|HABIDO|ACTIVO|LIMA|Lima|San Juan de Lurigancho|925167031
SEGMENTO_002|RUC|2072690831|CLIENT_00802|HABIDO|ACTIVO|LIMA|Lima|Santiago de Surco|928354642
SEGMENTO_004|RUC|2049766978|CLIENT_00394|HABIDO|ACTIVO|LIMA|Lima|Lima|937849411
SEGMENTO_004|RUC|2096608121|CLIENT_00272|HABIDO|BAJA DE OFICIO|LIMA|Lima|San Juan de Lurigancho|937511131
SEGMENTO_004|RUC|2037039972|CLIENT_00968|HABIDO|ACTIVO|LIMA|Lima|Miraflores|961821330
SEGMENTO_004|RUC|2010231031|CLIENT_00392|HABIDO|ACTIVO|LIMA|Lima|San Juan de Lurigancho|925381649
SEGMENTO_004|RUC|2098965055|CLIENT_00623|HABIDO|SUSPENSION TEMPORAL|CALLAO|Prov. Const. del Callao|Bellavista|940822864
SEGMENTO_004|RUC|2058571451|CLIENT_00813|HABIDO|ACTIVO|TACNA|Tacna|Tacna|946957390
SEGMENTO_002|RUC|2020274387|CLIENT_00535|HABIDO|ACTIVO|LIMA|Lima|Santiago de Surco|929410051
SEGMENTO_004|RUC|2074987251|CLIENT_00276|HABIDO|ACTIVO|LIMA|Lima|Pueblo Libre|946560361
SEGMENTO_004|RUC|2032219870|CLIENT_00462|HABIDO|ACTIVO|LIMA|Lima|Comas|916686850
SEGMENTO_004|RUC|2081561372|CLIENT_00949|HABIDO|ACTIVO|LIMA|Lima|Chorrillos|914965881
SEGMENTO_004|RUC|2092594405|CLIENT_00877|HABIDO|ACTIVO|LIMA|Lima|Barranco|942008771
SEGMENTO_004|RUC|2026562260|CLIENT_00100|HABIDO|ACTIVO|PUNO|San Román|Juliaca|928340712
SEGMENTO_004|RUC|2062666590|CLIENT_00169|HABIDO|ACTIVO|LIMA|Lima|San Martín de Porres|942784834
SEGMENTO_004|RUC|2074271284|CLIENT_00038|HABIDO|ACTIVO|UCAYALI|Coronel Portillo|Calleria|937480292
SEGMENTO_004|RUC|2084074807|CLIENT_00310|HABIDO|BAJA DE OFICIO|JUNIN|Huancayo|Chilca|901657393
SEGMENTO_004|RUC|2076439409|CLIENT_00154|HABIDO|ACTIVO|CALLAO|Prov. Const. del Callao|Callao|961023356
SEGMENTO_004|RUC|2048046441|CLIENT_00064|HABIDO|ACTIVO|PIURA|Piura|Piura|944911382
SEGMENTO_004|RUC|2085352948|CLIENT_00630|HABIDO|ACTIVO|LAMBAYEQUE|Chiclayo|José Leonardo Ortiz|947485489
SEGMENTO_004|RUC|2013237934|CLIENT_00303|HABIDO|ACTIVO|LIMA|Lima|San Isidro|944177933
SEGMENTO_004|RUC|2087214722|CLIENT_00048|HABIDO|ACTIVO|LIMA|Lima|El Agustino|925594014
SEGMENTO_002|RUC|2012170806|CLIENT_00350|HABIDO|ACTIVO|JUNIN|Huancayo|El Tambo|901350294
SEGMENTO_004|RUC|2049811464|CLIENT_00358|HABIDO|ACTIVO|LA LIBERTAD|Trujillo|Trujillo|937850900
SEGMENTO_004|RUC|2026884680|CLIENT_00626|HABIDO|ACTIVO|LA LIBERTAD|Trujillo|Victor Larco Herrera|945857929
SEGMENTO_004|RUC|2042893140|CLIENT_00665|HABIDO|ACTIVO|LORETO|Alto Amazonas|Yurimaguas|902635326
SEGMENTO_004|RUC|2073093583|CLIENT_00184|HABIDO|ACTIVO|LIMA|Lima|Santiago de Surco|901540116
SEGMENTO_004|RUC|2065581182|CLIENT_00019|HABIDO|ACTIVO|LIMA|Lima|Carabayllo|920798031
SEGMENTO_004|RUC|2012453412|CLIENT_00293|HABIDO|ACTIVO|LIMA|Lima|Santiago de Surco|945929596
SEGMENTO_004|RUC|2084595191|CLIENT_00613|HABIDO|ACTIVO|LIMA|Lima|Carabayllo|940596275
SEGMENTO_004|RUC|2000252800|CLIENT_00467|HABIDO|ACTIVO|CUSCO|Cusco|San Sebastian|901503857
SEGMENTO_004|RUC|2054022480|CLIENT_00547|HABIDO|ACTIVO|LIMA|Lima|Lince|961043942
SEGMENTO_004|RUC|2079684847|CLIENT_00889|HABIDO|ACTIVO|LA LIBERTAD|Trujillo|Victor Larco Herrera|931490611
SEGMENTO_002|RUC|2047081406|CLIENT_00312|HABIDO|ACTIVO|ICA|Ica|Ica|917955617
SEGMENTO_004|RUC|2093660214|CLIENT_00375|HABIDO|ACTIVO|LIMA|Lima|Lima|917656645
SEGMENTO_004|RUC|2056897122|CLIENT_00573|HABIDO|ACTIVO|LIMA|Lima|Miraflores|901456108
SEGMENTO_004|RUC|2051775031|CLIENT_00190|HABIDO|ACTIVO|LIMA|Lima|Miraflores|937533245
SEGMENTO_004|RUC|2060519712|CLIENT_00827|HABIDO|ACTIVO|LIMA|Lima|Santiago de Surco|942644685
SEGMENTO_004|RUC|2094037394|CLIENT_00744|HABIDO|ACTIVO|ICA|Pisco|San Andrés|910205952
SEGMENTO_004|RUC|2090613378|CLIENT_00096|HABIDO|ACTIVO|LIMA|Lima|Santiago de Surco|930029872
SEGMENTO_004|RUC|2019530122|CLIENT_00047|HABIDO|ACTIVO|LIMA|Lima|San Isidro|961216290
SEGMENTO_004|RUC|2080338247|CLIENT_00934|HABIDO|ACTIVO|LIMA|Lima|Lurigancho|928065647
SEGMENTO_004|RUC|2007494049|CLIENT_00339|HABIDO|ACTIVO|LIMA|Lima|Lima|936830836
SEGMENTO_002|RUC|2068242198|CLIENT_00515|HABIDO|ACTIVO|LIMA|Lima|Lima|942099480
SEGMENTO_004|RUC|2022935188|CLIENT_00157|HABIDO|ACTIVO|UCAYALI|Coronel Portillo|Calleria|942851354
SEGMENTO_004|RUC|2037638826|CLIENT_00969|HABIDO|ACTIVO|AREQUIPA|Arequipa|Sachaca|946390072
SEGMENTO_004|RUC|2088510466|CLIENT_00021|HABIDO|ACTIVO|LIMA|Lima|San Isidro|915944190
SEGMENTO_004|RUC|2034936943|CLIENT_00342|HABIDO|ACTIVO|AREQUIPA|Arequipa|Miraflores|941946330
SEGMENTO_002|RUC|2028234821|CLIENT_00026|HABIDO|ACTIVO|LIMA|Lima|Miraflores|940277774
SEGMENTO_004|RUC|2078998333|CLIENT_00893|HABIDO|SUSPENSION TEMPORAL|CAJAMARCA|Cajamarca|Cajamarca|961222113
SEGMENTO_004|RUC|2073105592|CLIENT_00280|HABIDO|ACTIVO|LIMA|Lima|Surquillo|901176044
SEGMENTO_004|RUC|2064658684|CLIENT_00353|HABIDO|ACTIVO|LIMA|Lima|Lurigancho|902108247
SEGMENTO_004|RUC|2071671933|CLIENT_00690|HABIDO|ACTIVO|CALLAO|Prov. Const. del Callao|Ventanilla|917512382
SEGMENTO_004|RUC|2079431606|CLIENT_00125|HABIDO|ACTIVO|LIMA|Lima|Surquillo|930318098
SEGMENTO_004|RUC|2091696217|CLIENT_00523|HABIDO|ACTIVO|LIMA|Lima|Lince|920975737
SEGMENTO_004|RUC|2002846047|CLIENT_00694|HABIDO|ACTIVO|LIMA|Lima|Chorrillos|920097858
SEGMENTO_004|RUC|2066842380|CLIENT_00337|HABIDO|ACTIVO|TACNA|Tacna|Alto de la Alianza|936244748
SEGMENTO_004|RUC|2047345079|CLIENT_00455|HABIDO|ACTIVO|LIMA|Lima|San Juan de Lurigancho|937235017
SEGMENTO_004|RUC|2069534308|CLIENT_00423|HABIDO|ACTIVO|LIMA|Lima|Rímac|931347800
SEGMENTO_004|RUC|2054958528|CLIENT_00390|HABIDO|ACTIVO|AREQUIPA|Arequipa|Yanahuara|916886090
SEGMENTO_001|RUC|2026242865|CLIENT_00930|HABIDO|ACTIVO|LIMA|Lima|Santiago de Surco|916882604
SEGMENTO_004|RUC|2005150947|CLIENT_00073|HABIDO|ACTIVO|LIMA|Lima|San Isidro|945971658
SEGMENTO_004|RUC|2053317276|CLIENT_00589|HABIDO|ACTIVO|LA LIBERTAD|Trujillo|La Esperanza|916033240
SEGMENTO_004|RUC|2006307509|CLIENT_00644|HABIDO|ACTIVO|LIMA|Lima|La Victoria|945841326
SEGMENTO_004|RUC|2063339709|CLIENT_00486|HABIDO|ACTIVO|PIURA|Talara|Pariñas|920833426
SEGMENTO_004|RUC|2024539936|CLIENT_00335|NO HABIDO|BAJA DE OFICIO|CALLAO|Prov. Const. del Callao|Callao|931948779
SEGMENTO_004|RUC|2077617839|CLIENT_00036|HABIDO|ACTIVO|LIMA|Lima|Lince|910099621
SEGMENTO_004|RUC|2091061273|CLIENT_00653|HABIDO|ACTIVO|TACNA|Tacna|Tacna|941848278
SEGMENTO_004|RUC|2024181924|CLIENT_00232|HABIDO|ACTIVO|LIMA|Lima|Santiago de Surco|937369974
SEGMENTO_004|RUC|2063036368|CLIENT_00951|HABIDO|ACTIVO|CALLAO|Prov. Const. del Callao|La Perla|917491884
SEGMENTO_004|RUC|2080300027|CLIENT_00295|HABIDO|ACTIVO|MADRE DE DIOS|Tambopata|Tambopata|946838849
SEGMENTO_004|RUC|2013492248|CLIENT_00251|HABIDO|ACTIVO|JUNIN|Huancayo|Huancayo|920515340
SEGMENTO_004|RUC|2051127548|CLIENT_00931|HABIDO|ACTIVO|MADRE DE DIOS|Tambopata|Tambopata|946798039
SEGMENTO_004|RUC|2025606787|CLIENT_00057|HABIDO|ACTIVO|LIMA|Lima|Magdalena del Mar|937513326
SEGMENTO_004|RUC|2044366286|CLIENT_00796|HABIDO|ACTIVO|LIMA|Lima|San Juan de Lurigancho|942752861
SEGMENTO_004|RUC|2008582435|CLIENT_00170|NO HABIDO|ACTIVO|LIMA|Lima|Lima|920822896
SEGMENTO_004|RUC|2085588833|CLIENT_00578|HABIDO|ACTIVO|LIMA|Lima|San Borja|928552952
SEGMENTO_004|RUC|2015104553|CLIENT_00804|HABIDO|ACTIVO|LIMA|Lima|Villa El Salvador|901794819
SEGMENTO_004|RUC|2093540049|CLIENT_00323|HABIDO|ACTIVO|LIMA|Lima|Santiago de Surco|901272584
SEGMENTO_004|RUC|2053805361|CLIENT_00167|HABIDO|ACTIVO|AREQUIPA|Arequipa|Arequipa|902823419
SEGMENTO_004|RUC|2026613493|CLIENT_00916|HABIDO|ACTIVO|LIMA|Lima|San Isidro|944285191
SEGMENTO_004|RUC|2017932836|CLIENT_00414|HABIDO|ACTIVO|LIMA|Lima|San Martín de Porres|944725102
SEGMENTO_004|RUC|2050364733|CLIENT_00579|HABIDO|ACTIVO|ANCASH|Santa|Chimbote|910803983
SEGMENTO_002|RUC|2026598806|CLIENT_00317|HABIDO|ACTIVO|LIMA|Lima|Lima|947307247
SEGMENTO_004|RUC|2097410254|CLIENT_00451|HABIDO|ACTIVO|LAMBAYEQUE|Lambayeque|Mochumi|937579193
SEGMENTO_004|RUC|2035721731|CLIENT_00256|HABIDO|ACTIVO|LIMA|Lima|San Juan de Miraflores|944244705
SEGMENTO_004|RUC|2077987960|CLIENT_00607|HABIDO|BAJA DE OFICIO|LIMA|Lima|San Luis|947721808
SEGMENTO_004|RUC|2083295497|CLIENT_00376|HABIDO|ACTIVO|LIMA|Lima|Pueblo Libre|928094638
SEGMENTO_004|RUC|2027945288|CLIENT_00805|HABIDO|ACTIVO|LIMA|Lima|Comas|944671135
SEGMENTO_004|RUC|2067016446|CLIENT_00306|HABIDO|ACTIVO|LIMA|Lima|Lima|929421839
SEGMENTO_004|RUC|2097534487|CLIENT_00856|HABIDO|ACTIVO|LIMA|Lima|La Victoria|910144326
SEGMENTO_004|RUC|2049062431|CLIENT_00233|HABIDO|ACTIVO|JUNIN|Huancayo|San Jerónimo de Tunan|931949428
SEGMENTO_004|RUC|2051804602|CLIENT_00482|HABIDO|ACTIVO|LA LIBERTAD|Trujillo|Trujillo|946678861
SEGMENTO_004|RUC|2071834507|CLIENT_00042|HABIDO|ACTIVO|LIMA|Lima|San Martín de Porres|902035535
SEGMENTO_002|RUC|2063773311|CLIENT_00701|HABIDO|ACTIVO|LIMA|Lima|Lima|942010880
SEGMENTO_004|RUC|2096619821|CLIENT_00477|HABIDO|BAJA DE OFICIO|LIMA|Lima|Santiago de Surco|946518681
SEGMENTO_004|RUC|2042176157|CLIENT_00570|HABIDO|BAJA DE OFICIO|LIMA|Lima|San Juan de Lurigancho|902261319
SEGMENTO_002|RUC|2028712026|CLIENT_00204|HABIDO|ACTIVO|LIMA|Lima|San Isidro|901023924
SEGMENTO_004|RUC|2019726332|CLIENT_00111|HABIDO|ACTIVO|LIMA|Lima|San Martín de Porres|914916472
SEGMENTO_004|RUC|2002657495|CLIENT_00013|HABIDO|BAJA DE OFICIO|LA LIBERTAD|Trujillo|Trujillo|944844141
SEGMENTO_004|RUC|2050562330|CLIENT_00282|HABIDO|ACTIVO|LIMA|Lima|San Juan de Lurigancho|915508070
SEGMENTO_004|RUC|2059508137|CLIENT_00794|HABIDO|ACTIVO|LIMA|Lima|Miraflores|928698026
SEGMENTO_004|RUC|2083487599|CLIENT_00850|HABIDO|BAJA DE OFICIO|PIURA|Piura|Piura|931489302
SEGMENTO_004|RUC|2015499295|CLIENT_00346|HABIDO|ACTIVO|LIMA|Lima|Ate|917957559
SEGMENTO_004|RUC|2007125725|CLIENT_00268|HABIDO|ACTIVO|LIMA|Lima|Santiago de Surco|929931287
SEGMENTO_004|RUC|2082202511|CLIENT_00338|HABIDO|ACTIVO|LIMA|Lima|San Juan de Lurigancho|930684098
SEGMENTO_004|RUC|2067006652|CLIENT_00878|HABIDO|ACTIVO|LIMA|Lima|Jesús María|941100153
SEGMENTO_004|RUC|2080971084|CLIENT_00348|HABIDO|ACTIVO|ICA|Chincha|Chincha Alta|920733051
SEGMENTO_004|RUC|2003621431|CLIENT_00120|HABIDO|ACTIVO|CAJAMARCA|San Ignacio|San Ignacio|910395725
SEGMENTO_004|RUC|2077915409|CLIENT_00992|HABIDO|ACTIVO|PIURA|Talara|Pariñas|910110813
SEGMENTO_004|RUC|2018136216|CLIENT_00957|HABIDO|ACTIVO|ANCASH|Huaraz|Huaraz|925338541
SEGMENTO_004|RUC|2033527809|CLIENT_00688|HABIDO|ACTIVO|HUANUCO|Huánuco|Huanuco|944332314
SEGMENTO_004|RUC|2016845190|CLIENT_00540|HABIDO|ACTIVO|LIMA|Lima|Santa Anita|930810377
SEGMENTO_004|RUC|2070236567|CLIENT_00464|HABIDO|ACTIVO|LIMA|Huaura|Huacho|925803175
SEGMENTO_004|RUC|2043149098|CLIENT_00027|HABIDO|SUSPENSION TEMPORAL|LIMA|Lima|Miraflores|920207001
SEGMENTO_004|RUC|2095085624|CLIENT_00622|HABIDO|SUSPENSION TEMPORAL|CUSCO|Cusco|Wanchaq|930520589
SEGMENTO_004|RUC|2018747210|CLIENT_00014|HABIDO|ACTIVO|LIMA|Lima|San Borja|914839447
SEGMENTO_004|RUC|2029512487|CLIENT_00825|HABIDO|ACTIVO|LIMA|Lima|San Borja|928588465
SEGMENTO_004|RUC|2099316748|CLIENT_00768|HABIDO|ACTIVO|LIMA|Lima|Barranco|928149878
SEGMENTO_004|RUC|2079928492|CLIENT_00284|HABIDO|ACTIVO|ICA|Ica|Ica|928363811
SEGMENTO_004|RUC|2040929331|CLIENT_00023|HABIDO|ACTIVO|JUNIN|Huancayo|Huancayo|947090305
SEGMENTO_004|RUC|2047640143|CLIENT_00114|HABIDO|ACTIVO|LAMBAYEQUE|Chiclayo|José Leonardo Ortiz|929754426
SEGMENTO_004|RUC|2000279692|CLIENT_00168|HABIDO|ACTIVO|CALLAO|Prov. Const. del Callao|Callao|946624879
SEGMENTO_004|RUC|2080580035|CLIENT_00442|HABIDO|ACTIVO|LIMA|Lima|Santa Anita|901205039
SEGMENTO_004|RUC|2031850278|CLIENT_00571|HABIDO|ACTIVO|LIMA|Lima|Independencia|945887497
SEGMENTO_004|RUC|2078953582|CLIENT_00546|HABIDO|ACTIVO|LA LIBERTAD|Trujillo|Trujillo|914500346
SEGMENTO_004|RUC|2078272562|CLIENT_00198|HABIDO|ACTIVO|LIMA|Lima|Lince|946523904
SEGMENTO_004|RUC|2029074419|CLIENT_00341|HABIDO|ACTIVO|JUNIN|Huancayo|El Tambo|940017342
SEGMENTO_004|RUC|2057769086|CLIENT_00950|HABIDO|ACTIVO|LIMA|Lima|La Molina|930759940
SEGMENTO_004|RUC|2099526768|CLIENT_00947|HABIDO|ACTIVO|LA LIBERTAD|Virú|Viru|910200916
SEGMENTO_004|RUC|2014166280|CLIENT_00551|HABIDO|ACTIVO|LIMA|Lima|Los Olivos|937775593
SEGMENTO_004|RUC|2093200767|CLIENT_00680|HABIDO|ACTIVO|LIMA|Lima|Lurigancho|937437057
SEGMENTO_004|RUC|2067641062|CLIENT_00563|HABIDO|ACTIVO|LIMA|Huaral|Chancay|945095486
SEGMENTO_004|RUC|2012916743|CLIENT_00424|HABIDO|ACTIVO|LIMA|Lima|La Victoria|930549646
SEGMENTO_004|RUC|2082057839|CLIENT_00554|HABIDO|ACTIVO|LIMA|Lima|Lima|961656940
SEGMENTO_004|RUC|2001720617|CLIENT_00817|HABIDO|ACTIVO|LIMA|Lima|Ate|915122193
SEGMENTO_004|RUC|2043779813|CLIENT_00336|HABIDO|ACTIVO|LIMA|Lima|La Molina|914711309
SEGMENTO_004|RUC|2059026768|CLIENT_00729|HABIDO|ACTIVO|SAN MARTIN|San Martín|Tarapoto|944924444
SEGMENTO_002|RUC|2065026469|CLIENT_00218|HABIDO|ACTIVO|LIMA|Lima|San Isidro|931396970
SEGMENTO_004|RUC|2039933423|CLIENT_00441|HABIDO|ACTIVO|LIMA|Lima|Lima|925390640
SEGMENTO_004|RUC|2033958304|CLIENT_00921|HABIDO|ACTIVO|LAMBAYEQUE|Chiclayo|Chiclayo|947092095
SEGMENTO_004|RUC|2039728300|CLIENT_00575|HABIDO|ACTIVO|ICA|Nasca|Nasca|920222658
SEGMENTO_004|RUC|2063862131|CLIENT_00721|HABIDO|ACTIVO|LIMA|Lima|Villa María del Triunfo|915199366
SEGMENTO_004|RUC|2099531591|CLIENT_00529|HABIDO|ACTIVO|LIMA|Lima|Jesús María|925334807
SEGMENTO_002|RUC|2078066090|CLIENT_00801|HABIDO|ACTIVO|LIMA|Lima|Miraflores|910738446
SEGMENTO_004|RUC|2061505168|CLIENT_00879|HABIDO|ACTIVO|LIMA|Lima|Los Olivos|931937824
SEGMENTO_004|RUC|2031228249|CLIENT_00463|HABIDO|ACTIVO|LIMA|Lima|Los Olivos|902300616
SEGMENTO_004|RUC|2040502929|CLIENT_00235|HABIDO|ACTIVO|LIMA|Lima|Lima|944905098
SEGMENTO_004|RUC|2015924484|CLIENT_00897|HABIDO|ACTIVO|AREQUIPA|Arequipa|Arequipa|940135765
SEGMENTO_004|RUC|2045782704|CLIENT_00628|HABIDO|ACTIVO|LIMA|Lima|San Borja|945803808
SEGMENTO_004|RUC|2096049962|CLIENT_01000|HABIDO|ACTIVO|SAN MARTIN|Tocache|Tocache|961025617
SEGMENTO_004|RUC|2059937005|CLIENT_00054|HABIDO|ACTIVO|LIMA|Lima|La Victoria|920452566
SEGMENTO_002|RUC|2079795130|CLIENT_00710|HABIDO|ACTIVO|LIMA|Lima|La Victoria|936635289
SEGMENTO_004|RUC|2015336861|CLIENT_00247|HABIDO|ACTIVO|LIMA|Lima|Los Olivos|915540006
SEGMENTO_004|RUC|2070874147|CLIENT_00128|HABIDO|ACTIVO|PIURA|Talara|Pariñas|901677990
SEGMENTO_002|RUC|2000467776|CLIENT_00136|HABIDO|ACTIVO|LIMA|Lima|Lima|910364410
SEGMENTO_004|RUC|2031708273|CLIENT_00450|HABIDO|ACTIVO|LA LIBERTAD|Trujillo|Trujillo|917138299
SEGMENTO_004|RUC|2032205889|CLIENT_00480|HABIDO|ACTIVO|LIMA|Lima|San Borja|944267135
SEGMENTO_004|RUC|2061497280|CLIENT_00329|HABIDO|ACTIVO|APURIMAC|Abancay|Abancay|937453204
SEGMENTO_004|RUC|2039981438|CLIENT_00052|HABIDO|ACTIVO|AYACUCHO|Huamanga|Andrés Avelino Cáceres Dorregaray|916276297
SEGMENTO_004|RUC|2004941501|CLIENT_00776|HABIDO|ACTIVO|LIMA|Lima|San Martín de Porres|901884797
SEGMENTO_004|RUC|2004899141|CLIENT_00494|HABIDO|ACTIVO|LIMA|Lima|Lima|929356734
SEGMENTO_004|RUC|2022997625|CLIENT_00266|HABIDO|ACTIVO|LIMA|Lima|Lurigancho|925279299
SEGMENTO_004|RUC|2045425222|CLIENT_00363|HABIDO|ACTIVO|CAJAMARCA|Cajamarca|Cajamarca|901387745
SEGMENTO_004|RUC|2001341193|CLIENT_00816|HABIDO|ACTIVO|LIMA|Lima|San Isidro|910380297
SEGMENTO_004|RUC|2072116766|CLIENT_00888|HABIDO|SUSPENSION TEMPORAL|LA LIBERTAD|Virú|Viru|931236324
SEGMENTO_004|RUC|2087931136|CLIENT_00555|HABIDO|ACTIVO|LIMA|Lima|La Victoria|931336447
SEGMENTO_004|RUC|2042601129|CLIENT_00965|HABIDO|ACTIVO|AREQUIPA|Arequipa|Jacobo Hunter|937787295
SEGMENTO_004|RUC|2025118840|CLIENT_00912|HABIDO|ACTIVO|ANCASH|Casma|Casma|941260921
SEGMENTO_004|RUC|2007442327|CLIENT_00253|HABIDO|ACTIVO|LIMA|Lima|San Juan de Lurigancho|947448146
SEGMENTO_004|RUC|2014706556|CLIENT_00993|HABIDO|ACTIVO|LIMA|Lima|Chorrillos|930185672
SEGMENTO_004|RUC|2064617159|CLIENT_00426|HABIDO|BAJA DE OFICIO|LA LIBERTAD|Trujillo|Trujillo|931334095
SEGMENTO_004|RUC|2026743546|CLIENT_00858|HABIDO|BAJA DE OFICIO|LIMA|Lima|Miraflores|917748657
SEGMENTO_004|RUC|2048390773|CLIENT_00150|HABIDO|ACTIVO|LIMA|Lima|Pachacamac|931301917
SEGMENTO_004|RUC|2006257040|CLIENT_00405|HABIDO|ACTIVO|LIMA|Lima|Ate|961895937
SEGMENTO_004|RUC|2044945705|CLIENT_00960|HABIDO|ACTIVO|AREQUIPA|Arequipa|Arequipa|910605514
SEGMENTO_004|RUC|2094098136|CLIENT_00955|HABIDO|ACTIVO|CAJAMARCA|Chota|Chota|920429801
SEGMENTO_004|RUC|2082130032|CLIENT_00923|HABIDO|ACTIVO|LA LIBERTAD|Trujillo|Trujillo|944105046
SEGMENTO_004|RUC|2063015584|CLIENT_00588|NO HABIDO|BAJA DE OFICIO|UCAYALI|Atalaya|Raymondi|940561115
SEGMENTO_004|RUC|2013942122|CLIENT_00890|HABIDO|ACTIVO|ICA|Chincha|Pueblo Nuevo|937254213
SEGMENTO_004|RUC|2034781506|CLIENT_00066|HABIDO|ACTIVO|LIMA|Lima|San Miguel|946045215
SEGMENTO_004|RUC|2064887435|CLIENT_00142|HABIDO|ACTIVO|LIMA|Lima|Santiago de Surco|936583741
SEGMENTO_004|RUC|2079362481|CLIENT_00175|HABIDO|ACTIVO|LIMA|Lima|Ate|916362250
SEGMENTO_004|RUC|2087905445|CLIENT_00039|HABIDO|ACTIVO|CALLAO|Prov. Const. del Callao|Callao|930678779
SEGMENTO_004|RUC|2090318936|CLIENT_00333|HABIDO|ACTIVO|LIMA|Lima|San Borja|928216824
SEGMENTO_004|RUC|2066717944|CLIENT_00082|HABIDO|ACTIVO|CALLAO|Prov. Const. del Callao|Carmen de la Legua Reynoso|937797957
SEGMENTO_004|RUC|2011315139|CLIENT_00002|HABIDO|ACTIVO|LIMA|Lima|San Isidro|947316993
SEGMENTO_004|RUC|2053555214|CLIENT_00159|HABIDO|ACTIVO|LIMA|Lima|Santiago de Surco|916900458
SEGMENTO_004|RUC|2069073026|CLIENT_00147|HABIDO|ACTIVO|SAN MARTIN|San Martín|Tarapoto|929757014
SEGMENTO_004|RUC|2093963249|CLIENT_00250|HABIDO|ACTIVO|HUANUCO|Huánuco|Huanuco|915795935
SEGMENTO_004|RUC|2042702801|CLIENT_00657|HABIDO|ACTIVO|PIURA|Sullana|Sullana|901649988
SEGMENTO_004|RUC|2064819637|CLIENT_00608|HABIDO|ACTIVO|PUNO|San Román|Juliaca|945624783
SEGMENTO_004|RUC|2093993320|CLIENT_00458|HABIDO|BAJA DE OFICIO|CUSCO|Cusco|Cusco|929948906
SEGMENTO_004|RUC|2022095080|CLIENT_00127|HABIDO|ACTIVO|LIMA|Lima|Miraflores|947338857
SEGMENTO_004|RUC|2097480168|CLIENT_00884|HABIDO|ACTIVO|LIMA|Lima|Rímac|901876322
SEGMENTO_004|RUC|2074315436|CLIENT_00865|HABIDO|ACTIVO|LIMA|Lima|La Molina|940114872
SEGMENTO_004|RUC|2088121602|CLIENT_00904|HABIDO|ACTIVO|LIMA|Lima|San Luis|931787472
SEGMENTO_004|RUC|2008268577|CLIENT_00288|HABIDO|ACTIVO|LIMA|Lima|San Miguel|941299694
SEGMENTO_004|RUC|2088717616|CLIENT_00246|HABIDO|ACTIVO|LIMA|Lima|La Victoria|947958539
SEGMENTO_004|RUC|2016704268|CLIENT_00609|HABIDO|ACTIVO|CUSCO|Cusco|Santiago|917929433
SEGMENTO_004|RUC|2016738253|CLIENT_00320|HABIDO|ACTIVO|SAN MARTIN|Bellavista|Bellavista|901879839
SEGMENTO_004|RUC|2028216422|CLIENT_00862|HABIDO|ACTIVO|LIMA|Lima|Chorrillos|910194168
SEGMENTO_004|RUC|2098337123|CLIENT_00365|HABIDO|ACTIVO|LAMBAYEQUE|Chiclayo|Chiclayo|941995886
SEGMENTO_004|RUC|2022642503|CLIENT_00537|HABIDO|BAJA DE OFICIO|LIMA|Lima|Ate|929391824
SEGMENTO_002|RUC|2025935157|CLIENT_00401|HABIDO|ACTIVO|LIMA|Lima|Ate|944150946
SEGMENTO_004|RUC|2040655923|CLIENT_00296|HABIDO|ACTIVO|LIMA|Lima|San Juan de Miraflores|915469444
SEGMENTO_004|RUC|2098018480|CLIENT_00702|HABIDO|BAJA DE OFICIO|LIMA|Lima|Villa El Salvador|941783584
SEGMENTO_004|RUC|2092787042|CLIENT_00603|HABIDO|ACTIVO|LIMA|Lima|Ate|928192564
SEGMENTO_004|RUC|2056088591|CLIENT_00160|HABIDO|ACTIVO|LIMA|Barranca|Supe|914310982
SEGMENTO_004|RUC|2000357153|CLIENT_00510|HABIDO|ACTIVO|LIMA|Lima|San Miguel|961832254
SEGMENTO_004|RUC|2054297630|CLIENT_00621|HABIDO|ACTIVO|LIMA|Lima|Surquillo|946114418
SEGMENTO_004|RUC|2052913932|CLIENT_00961|HABIDO|ACTIVO|LIMA|Lima|Miraflores|928011961
SEGMENTO_004|RUC|2011804641|CLIENT_00396|HABIDO|ACTIVO|ICA|Pisco|San Clemente|942881793
SEGMENTO_004|RUC|2007557329|CLIENT_00611|HABIDO|ACTIVO|LA LIBERTAD|Trujillo|Victor Larco Herrera|917105414
SEGMENTO_004|RUC|2024833165|CLIENT_00853|HABIDO|ACTIVO|ANCASH|Santa|Chimbote|902494616
SEGMENTO_004|RUC|2071502889|CLIENT_00952|HABIDO|ACTIVO|LIMA|Lima|San Borja|901804225
SEGMENTO_004|RUC|2007602207|CLIENT_00823|HABIDO|ACTIVO|LIMA|Lima|San Miguel|946235440
SEGMENTO_004|RUC|2000829287|CLIENT_00703|HABIDO|ACTIVO|LIMA|Lima|Santiago de Surco|910205181
SEGMENTO_004|RUC|2060928654|CLIENT_00894|HABIDO|ACTIVO|LA LIBERTAD|Trujillo|El Porvenir|929165218
SEGMENTO_004|RUC|2014633151|CLIENT_00387|HABIDO|ACTIVO|PIURA|Piura|Castilla|945925481
SEGMENTO_004|RUC|2083215398|CLIENT_00564|HABIDO|ACTIVO|CAJAMARCA|Cajamarca|Cajamarca|916404810
SEGMENTO_004|RUC|2081309251|CLIENT_00433|HABIDO|ACTIVO|ICA|Ica|Ica|915232481
SEGMENTO_003|RUC|2080037559|CLIENT_00735|HABIDO|ACTIVO|LA LIBERTAD|Chepén|Chepen|945427151
SEGMENTO_004|RUC|2041539406|CLIENT_00077|HABIDO|ACTIVO|CUSCO|Cusco|Cusco|915749743
SEGMENTO_004|RUC|2015428590|CLIENT_00696|HABIDO|ACTIVO|CAJAMARCA|Cajamarca|Cajamarca|916967879
SEGMENTO_004|RUC|2045297496|CLIENT_00763|HABIDO|ACTIVO|LIMA|Lima|La Victoria|925310609
SEGMENTO_004|RUC|2074037343|CLIENT_00670|HABIDO|ACTIVO|LIMA|Lima|Jesús María|914910244
SEGMENTO_004|RUC|2070061501|CLIENT_00344|HABIDO|ACTIVO|LIMA|Lima|Ate|945418095
SEGMENTO_004|RUC|2084339331|CLIENT_00536|HABIDO|ACTIVO|SAN MARTIN|San Martín|La Banda de Shilcayo|945304294
SEGMENTO_004|RUC|2001115330|CLIENT_00908|HABIDO|ACTIVO|LIMA|Lima|La Molina|925252314
SEGMENTO_002|RUC|2010441811|CLIENT_00839|HABIDO|ACTIVO|LIMA|Lima|Ate|936032363
SEGMENTO_002|RUC|2077664976|CLIENT_00134|HABIDO|ACTIVO|SAN MARTIN|San Martín|Tarapoto|936764472
SEGMENTO_004|RUC|2087681453|CLIENT_00859|HABIDO|ACTIVO|LIMA|Lima|Miraflores|910544491
SEGMENTO_004|RUC|2052552788|CLIENT_00104|HABIDO|ACTIVO|CUSCO|Cusco|Wanchaq|915446515
SEGMENTO_004|RUC|2029095052|CLIENT_00476|HABIDO|ACTIVO|LIMA|Lima|Santiago de Surco|931404033
SEGMENTO_002|RUC|2051657671|CLIENT_00660|HABIDO|ACTIVO|LIMA|Lima|San Borja|929534100
SEGMENTO_004|RUC|2004540046|CLIENT_00773|HABIDO|ACTIVO|LIMA|Lima|Santiago de Surco|930218296
SEGMENTO_004|RUC|2014431588|CLIENT_00437|HABIDO|ACTIVO|CUSCO|Cusco|Cusco|945792352
SEGMENTO_004|RUC|2031756935|CLIENT_00484|HABIDO|ACTIVO|LIMA|Lima|Miraflores|917250761
SEGMENTO_004|RUC|2028013190|CLIENT_00683|HABIDO|ACTIVO|LIMA|Lima|Lima|946344229
SEGMENTO_004|RUC|2083488968|CLIENT_00506|HABIDO|ACTIVO|LIMA|Lima|Lima|940591132
SEGMENTO_004|RUC|2049019784|CLIENT_00811|HABIDO|ACTIVO|ICA|Nasca|Nasca|937554176
SEGMENTO_004|RUC|2009112149|CLIENT_00532|HABIDO|ACTIVO|LIMA|Lima|San Isidro|930270863
SEGMENTO_004|RUC|2019210260|CLIENT_00852|HABIDO|ACTIVO|UCAYALI|Coronel Portillo|Calleria|930317242
SEGMENTO_004|RUC|2010399017|CLIENT_00723|HABIDO|ACTIVO|LIMA|Lima|San Isidro|901136558
SEGMENTO_004|RUC|2079459148|CLIENT_00345|HABIDO|ACTIVO|LA LIBERTAD|Trujillo|Trujillo|936377831
SEGMENTO_004|RUC|2070952060|CLIENT_00669|HABIDO|ACTIVO|CALLAO|Prov. Const. del Callao|Callao|945696375
SEGMENTO_004|RUC|2034895152|CLIENT_00378|HABIDO|ACTIVO|CAJAMARCA|Cajamarca|Cajamarca|945182900
SEGMENTO_004|RUC|2020052100|CLIENT_00534|HABIDO|ACTIVO|LIMA|Lima|Lima|937201335
SEGMENTO_004|RUC|2057929173|CLIENT_00899|HABIDO|ACTIVO|CUSCO|Chumbivilcas|Livitaca|925534604
SEGMENTO_004|RUC|2093437777|CLIENT_00436|NO HABIDO|ACTIVO|UCAYALI|Coronel Portillo|Yarinacocha|937342201
SEGMENTO_004|RUC|2029762900|CLIENT_00838|HABIDO|ACTIVO|LIMA|Lima|Lima|920120250
SEGMENTO_004|RUC|2099090721|CLIENT_00528|HABIDO|ACTIVO|CUSCO|Cusco|Wanchaq|947518677
SEGMENTO_004|RUC|2029921832|CLIENT_00162|HABIDO|ACTIVO|LIMA|Lima|Lince|937874785
SEGMENTO_004|RUC|2068760918|CLIENT_00496|HABIDO|ACTIVO|LIMA|Lima|Miraflores|902867049
SEGMENTO_004|RUC|2027256336|CLIENT_00122|HABIDO|ACTIVO|LORETO|Maynas|Punchana|928252215
SEGMENTO_004|RUC|2088634271|CLIENT_00692|HABIDO|ACTIVO|AREQUIPA|Arequipa|Sachaca|942136640
SEGMENTO_004|RUC|2017763650|CLIENT_00236|HABIDO|ACTIVO|LIMA|Lima|San Martín de Porres|916715980
SEGMENTO_004|RUC|2025253491|CLIENT_00095|HABIDO|ACTIVO|LIMA|Lima|Villa El Salvador|936263323
SEGMENTO_004|RUC|2093258591|CLIENT_00642|HABIDO|SUSPENSION TEMPORAL|HUANUCO|Huánuco|Amarilis|930620903
SEGMENTO_003|RUC|2072848608|CLIENT_00545|HABIDO|ACTIVO|TUMBES|Tumbes|Tumbes|928489768
SEGMENTO_004|RUC|2079967938|CLIENT_00325|HABIDO|ACTIVO|LIMA|Lima|San Isidro|941686297
SEGMENTO_004|RUC|2061219681|CLIENT_00327|HABIDO|ACTIVO|LIMA|Lima|San Isidro|930733933
SEGMENTO_004|RUC|2047556447|CLIENT_00117|HABIDO|ACTIVO|LIMA|Lima|San Martín de Porres|917525449
SEGMENTO_004|RUC|2072175636|CLIENT_00148|HABIDO|ACTIVO|LIMA|Lima|San Isidro|961164679
SEGMENTO_004|RUC|2012162297|CLIENT_00079|HABIDO|ACTIVO|PIURA|Sullana|Marcavelica|929868845
SEGMENTO_004|RUC|2083087437|CLIENT_00371|HABIDO|ACTIVO|LIMA|Lima|San Martín de Porres|929383718
SEGMENTO_004|RUC|2049199295|CLIENT_00421|HABIDO|ACTIVO|LIMA|Lima|Santiago de Surco|915322780
SEGMENTO_004|RUC|2021187015|CLIENT_00146|HABIDO|ACTIVO|UCAYALI|Coronel Portillo|Calleria|915116881
SEGMENTO_004|RUC|2081245613|CLIENT_00129|HABIDO|ACTIVO|CUSCO|Cusco|Cusco|961385686
SEGMENTO_004|RUC|2036223175|CLIENT_00279|HABIDO|ACTIVO|SAN MARTIN|San Martín|Tarapoto|961217409
SEGMENTO_004|RUC|2072719850|CLIENT_00681|HABIDO|ACTIVO|UCAYALI|Coronel Portillo|Calleria|929874897
SEGMENTO_004|RUC|2078922170|CLIENT_00227|HABIDO|ACTIVO|AMAZONAS|Utcubamba|Bagua Grande|931048378
SEGMENTO_004|RUC|2067382285|CLIENT_00906|HABIDO|ACTIVO|LIMA|Lima|Los Olivos|937892233
SEGMENTO_003|RUC|2052112366|CLIENT_00307|HABIDO|ACTIVO|SAN MARTIN|Moyobamba|Moyobamba|928541637
SEGMENTO_004|RUC|2052019028|CLIENT_00034|HABIDO|ACTIVO|LIMA|Lima|Miraflores|941743355
SEGMENTO_004|RUC|2092693113|CLIENT_00172|HABIDO|ACTIVO|LIMA|Lima|San Luis|920683685
SEGMENTO_004|RUC|2044789187|CLIENT_00896|HABIDO|ACTIVO|ICA|Chincha|Chincha Alta|931296809
SEGMENTO_004|RUC|2021869954|CLIENT_00918|HABIDO|ACTIVO|PUNO|San Román|Juliaca|929025529
SEGMENTO_004|RUC|2091534039|CLIENT_00872|HABIDO|ACTIVO|CUSCO|Cusco|Cusco|916860631
SEGMENTO_004|RUC|2081081601|CLIENT_00009|HABIDO|ACTIVO|APURIMAC|Andahuaylas|San Jerónimo|944379638
SEGMENTO_004|RUC|2058008787|CLIENT_00188|HABIDO|ACTIVO|LIMA|Lima|Santiago de Surco|941472355
SEGMENTO_004|RUC|2020514932|CLIENT_00614|HABIDO|ACTIVO|LIMA|Lima|Chorrillos|941299860
SEGMENTO_004|RUC|2014846070|CLIENT_00340|HABIDO|ACTIVO|LIMA|Lima|Puente Piedra|947678502
SEGMENTO_004|RUC|2086451533|CLIENT_00402|HABIDO|ACTIVO|CAJAMARCA|Cajamarca|San Juan|925971894
SEGMENTO_004|RUC|2037677145|CLIENT_00229|HABIDO|BAJA DE OFICIO|ICA|Ica|Parcona|931208145
SEGMENTO_004|RUC|2070214710|CLIENT_00242|HABIDO|ACTIVO|LIMA|Lima|Villa María del Triunfo|930292159
SEGMENTO_004|RUC|2076613247|CLIENT_00440|HABIDO|ACTIVO|ANCASH|Santa|Chimbote|945545350
SEGMENTO_004|RUC|2044848650|CLIENT_00187|HABIDO|ACTIVO|LIMA|Lima|San Isidro|929379474
SEGMENTO_004|RUC|2009085356|CLIENT_00640|HABIDO|ACTIVO|LIMA|Lima|La Victoria|917734609
SEGMENTO_002|RUC|2090837613|CLIENT_00803|HABIDO|ACTIVO|LIMA|Lima|Ate|946365666
SEGMENTO_004|RUC|2066104589|CLIENT_00649|HABIDO|ACTIVO|LIMA|Lima|Lima|925115994
SEGMENTO_004|RUC|2076630547|CLIENT_00041|HABIDO|ACTIVO|ICA|Ica|San Juan Bautista|917419111
SEGMENTO_004|RUC|2011033410|CLIENT_00556|HABIDO|ACTIVO|LIMA|Lima|Los Olivos|902859781
SEGMENTO_002|RUC|2088537697|CLIENT_00972|HABIDO|ACTIVO|ANCASH|Huaraz|Huaraz|945088930
SEGMENTO_004|RUC|2057932564|CLIENT_00902|HABIDO|ACTIVO|AREQUIPA|Arequipa|José Luis Bustamante Y Rivero|947670494
SEGMENTO_004|RUC|2084915354|CLIENT_00997|HABIDO|ACTIVO|AREQUIPA|Arequipa|Paucarpata|929057085
SEGMENTO_004|RUC|2045269682|CLIENT_00521|HABIDO|ACTIVO|LIMA|Lima|Los Olivos|945736186
SEGMENTO_004|RUC|2017146912|CLIENT_00882|HABIDO|ACTIVO|LIMA|Lima|Villa María del Triunfo|944784407
SEGMENTO_004|RUC|2093830022|CLIENT_00544|HABIDO|ACTIVO|LIMA|Lima|Lima|945153176
SEGMENTO_004|RUC|2090408902|CLIENT_00331|HABIDO|ACTIVO|CAJAMARCA|Cajamarca|Cajamarca|917685681
SEGMENTO_004|RUC|2095609618|CLIENT_00060|HABIDO|ACTIVO|LIMA|Barranca|Paramonga|931771229
SEGMENTO_004|RUC|2046859398|CLIENT_00764|HABIDO|ACTIVO|ICA|Nasca|Nasca|947885026
SEGMENTO_004|RUC|2084279674|CLIENT_00091|HABIDO|ACTIVO|LIMA|Lima|La Victoria|917609855
SEGMENTO_004|RUC|2088835937|CLIENT_00645|HABIDO|ACTIVO|LIMA|Lima|Santa Anita|917876703
SEGMENTO_004|RUC|2050636428|CLIENT_00398|HABIDO|SUSPENSION TEMPORAL|LA LIBERTAD|Trujillo|Trujillo|940837195
SEGMENTO_004|RUC|2051367485|CLIENT_00262|HABIDO|SUSPENSION TEMPORAL|LIMA|Lima|Lima|946048402
SEGMENTO_004|RUC|2096770204|CLIENT_00203|HABIDO|ACTIVO|LIMA|Lima|Chorrillos|929992595
SEGMENTO_004|RUC|2082647868|CLIENT_00292|HABIDO|ACTIVO|LIMA|Lima|San Borja|914905018
SEGMENTO_004|RUC|2062185872|CLIENT_00774|HABIDO|SUSPENSION TEMPORAL|LIMA|Lima|Los Olivos|961029005
SEGMENTO_004|RUC|2052778896|CLIENT_00395|HABIDO|BAJA DE OFICIO|LA LIBERTAD|Trujillo|Trujillo|961191687
SEGMENTO_002|RUC|2045282054|CLIENT_00996|HABIDO|ACTIVO|LIMA|Lima|Santiago de Surco|936208213
SEGMENTO_004|RUC|2086021462|CLIENT_00730|HABIDO|BAJA DE OFICIO|CUSCO|Cusco|Cusco|946283059
SEGMENTO_004|RUC|2011722087|CLIENT_00088|HABIDO|ACTIVO|LIMA|Lima|San Miguel|941987550
SEGMENTO_004|RUC|2037024710|CLIENT_00800|HABIDO|ACTIVO|LIMA|Huaura|Caleta de Carquin|901664913
SEGMENTO_004|RUC|2077435033|CLIENT_00650|HABIDO|ACTIVO|SAN MARTIN|San Martín|Tarapoto|930170810
SEGMENTO_004|RUC|2099839122|CLIENT_00022|HABIDO|BAJA DE OFICIO|TACNA|Tacna|Tacna|901985111
SEGMENTO_004|RUC|2047601641|CLIENT_00663|HABIDO|ACTIVO|LIMA|Lima|Miraflores|915936998
SEGMENTO_004|RUC|2064786199|CLIENT_00357|HABIDO|ACTIVO|CUSCO|Cusco|Santiago|901380682
SEGMENTO_004|RUC|2002082803|CLIENT_00749|HABIDO|ACTIVO|CALLAO|Prov. Const. del Callao|Callao|940126512
SEGMENTO_004|RUC|2002115898|CLIENT_00928|HABIDO|ACTIVO|LIMA|Lima|Lurigancho|920982798
SEGMENTO_004|RUC|2041506167|CLIENT_00025|HABIDO|ACTIVO|LA LIBERTAD|Trujillo|Trujillo|929752162
SEGMENTO_004|RUC|2082499320|CLIENT_00489|HABIDO|ACTIVO|PASCO|Pasco|Chaupimarca|944641262
SEGMENTO_004|RUC|2057947861|CLIENT_00539|HABIDO|ACTIVO|LIMA|Lima|San Isidro|914630919
SEGMENTO_004|RUC|2083037709|CLIENT_00861|HABIDO|ACTIVO|LIMA|Lima|Lince|920726659
SEGMENTO_004|RUC|2028873503|CLIENT_00053|HABIDO|ACTIVO|CUSCO|Cusco|Cusco|920242037
SEGMENTO_004|RUC|2053362929|CLIENT_00361|HABIDO|ACTIVO|ANCASH|Santa|Chimbote|940782711
SEGMENTO_004|RUC|2013284189|CLIENT_00029|HABIDO|ACTIVO|LIMA|Lima|Cieneguilla|947863281
SEGMENTO_004|RUC|2006444294|CLIENT_00359|HABIDO|ACTIVO|LIMA|Lima|San Juan de Lurigancho|925626016
SEGMENTO_002|RUC|2059931462|CLIENT_00106|HABIDO|ACTIVO|LIMA|Lima|Lurigancho|940618900
SEGMENTO_004|RUC|2005240343|CLIENT_00419|HABIDO|ACTIVO|LIMA|Lima|San Borja|928238839
SEGMENTO_004|RUC|2064019811|CLIENT_00806|HABIDO|ACTIVO|LIMA|Lima|San Borja|915885898
SEGMENTO_004|RUC|2050569390|CLIENT_00944|HABIDO|ACTIVO|LIMA|Lima|San Borja|961225690
SEGMENTO_004|RUC|2008309257|CLIENT_00999|HABIDO|ACTIVO|LIMA|Lima|Santiago de Surco|940870222
SEGMENTO_004|RUC|2074242971|CLIENT_00479|HABIDO|ACTIVO|LIMA|Lima|San Isidro|961177160
SEGMENTO_004|RUC|2014716920|CLIENT_00769|HABIDO|ACTIVO|LIMA|Lima|Lince|944064433
SEGMENTO_004|RUC|2096452817|CLIENT_00208|HABIDO|BAJA DE OFICIO|PASCO|Pasco|Yanacancha|961098324
SEGMENTO_004|RUC|2009855734|CLIENT_00261|HABIDO|BAJA DE OFICIO|LIMA|Lima|Santiago de Surco|946152925
SEGMENTO_004|RUC|2068100781|CLIENT_00901|HABIDO|ACTIVO|LIMA|Lima|Villa El Salvador|945396604
SEGMENTO_004|RUC|2087856323|CLIENT_00453|HABIDO|ACTIVO|LIMA|Lima|La Victoria|931424502
SEGMENTO_004|RUC|2045832604|CLIENT_00051|HABIDO|ACTIVO|LA LIBERTAD|Trujillo|Trujillo|937123482
SEGMENTO_004|RUC|2004090558|CLIENT_00948|HABIDO|ACTIVO|LIMA|Lima|San Isidro|920074884
SEGMENTO_004|RUC|2023405246|CLIENT_00909|HABIDO|ACTIVO|LIMA|Lima|Jesús María|946120200
SEGMENTO_004|RUC|2081142855|CLIENT_00560|HABIDO|ACTIVO|CUSCO|Cusco|Wanchaq|936787626
SEGMENTO_004|RUC|2082735250|CLIENT_00885|HABIDO|ACTIVO|LA LIBERTAD|Trujillo|Trujillo|945750668
SEGMENTO_004|RUC|2047585517|CLIENT_00754|HABIDO|ACTIVO|LAMBAYEQUE|Chiclayo|Chiclayo|946461602
SEGMENTO_004|RUC|2030808313|CLIENT_00059|HABIDO|ACTIVO|LIMA|Lima|Santiago de Surco|945555361
SEGMENTO_004|RUC|2095370945|CLIENT_00679|HABIDO|ACTIVO|CALLAO|Prov. Const. del Callao|Bellavista|945160346
SEGMENTO_004|RUC|2061123522|CLIENT_00748|NO HABIDO|BAJA DE OFICIO|PIURA|Paita|Paita|940884897
SEGMENTO_004|RUC|2023740275|CLIENT_00569|HABIDO|ACTIVO|LIMA|Lima|Ate|946011873
SEGMENTO_004|RUC|2001109147|CLIENT_00012|HABIDO|ACTIVO|CUSCO|Cusco|Cusco|946829156
SEGMENTO_004|RUC|2034304441|CLIENT_00500|HABIDO|ACTIVO|LIMA|Lima|Ate|947094563
SEGMENTO_004|RUC|2016641872|CLIENT_00659|HABIDO|ACTIVO|LIMA|Lima|Lima|947348675
SEGMENTO_004|RUC|2033411826|CLIENT_00583|HABIDO|ACTIVO|LIMA|Lima|Villa El Salvador|916983313
SEGMENTO_004|RUC|2055225191|CLIENT_00562|HABIDO|ACTIVO|MOQUEGUA|Mariscal Nieto|Moquegua|914210986
SEGMENTO_004|RUC|2075726195|CLIENT_00525|HABIDO|ACTIVO|AREQUIPA|Arequipa|José Luis Bustamante Y Rivero|916642034
SEGMENTO_004|RUC|2073030272|CLIENT_00502|HABIDO|ACTIVO|LIMA|Lima|Santiago de Surco|925407696
SEGMENTO_004|RUC|2051349743|CLIENT_00257|HABIDO|ACTIVO|TACNA|Tacna|Tacna|920658779
SEGMENTO_004|RUC|2074789528|CLIENT_00143|HABIDO|ACTIVO|JUNIN|Huancayo|Huancayo|915152477
SEGMENTO_004|RUC|2040613653|CLIENT_00126|HABIDO|ACTIVO|LA LIBERTAD|Trujillo|Trujillo|917735327
SEGMENTO_004|RUC|2057609277|CLIENT_00543|HABIDO|ACTIVO|LIMA|Lima|Los Olivos|946186497
SEGMENTO_004|RUC|2062849793|CLIENT_00574|HABIDO|ACTIVO|LIMA|Lima|El Agustino|910953884
SEGMENTO_004|RUC|2008388940|CLIENT_00121|HABIDO|ACTIVO|LORETO|Maynas|Iquitos|941804457
SEGMENTO_004|RUC|2068306876|CLIENT_00220|HABIDO|ACTIVO|LA LIBERTAD|Trujillo|La Esperanza|942865072
SEGMENTO_004|RUC|2087310649|CLIENT_00784|HABIDO|ACTIVO|LIMA|Lima|Jesús María|916308544
SEGMENTO_004|RUC|2072637617|CLIENT_00752|HABIDO|ACTIVO|AREQUIPA|Arequipa|Paucarpata|930910800
SEGMENTO_004|RUC|2052571507|CLIENT_00076|HABIDO|BAJA DE OFICIO|LA LIBERTAD|Trujillo|Trujillo|920111294
SEGMENTO_004|RUC|2058066767|CLIENT_00743|HABIDO|ACTIVO|LIMA|Lima|San Juan de Miraflores|937176649
SEGMENTO_004|RUC|2042683095|CLIENT_00668|HABIDO|ACTIVO|LIMA|Lima|San Borja|930715581
SEGMENTO_004|RUC|2092036701|CLIENT_00223|HABIDO|ACTIVO|LIMA|Lima|Santiago de Surco|929472895
SEGMENTO_004|RUC|2003283347|CLIENT_00732|HABIDO|ACTIVO|CUSCO|Cusco|San Sebastian|941987489
SEGMENTO_004|RUC|2024168687|CLIENT_00698|HABIDO|ACTIVO|JUNIN|Huancayo|El Tambo|914583229
SEGMENTO_004|RUC|2059817312|CLIENT_00780|HABIDO|ACTIVO|LIMA|Lima|Chorrillos|945783979
SEGMENTO_004|RUC|2006331375|CLIENT_00278|HABIDO|ACTIVO|LIMA|Lima|San Miguel|940158538
SEGMENTO_004|RUC|2010586766|CLIENT_00495|HABIDO|ACTIVO|LA LIBERTAD|Trujillo|Trujillo|928621331
SEGMENTO_004|RUC|2023967163|CLIENT_00238|HABIDO|ACTIVO|LIMA|Lima|Santiago de Surco|915191835
SEGMENTO_004|RUC|2092368101|CLIENT_00937|HABIDO|ACTIVO|LIMA|Lima|Barranco|929264535
SEGMENTO_004|RUC|2013961806|CLIENT_00271|HABIDO|ACTIVO|LIMA|Lima|San Martín de Porres|941794291
SEGMENTO_004|RUC|2097363595|CLIENT_00716|HABIDO|ACTIVO|LIMA|Lima|Carabayllo|917104162
SEGMENTO_004|RUC|2069114417|CLIENT_00617|HABIDO|ACTIVO|LIMA|Lima|San Isidro|930397026
SEGMENTO_002|RUC|2058059037|CLIENT_00294|HABIDO|ACTIVO|LIMA|Lima|La Molina|915718546
SEGMENTO_004|RUC|2027880355|CLIENT_00141|HABIDO|ACTIVO|LIMA|Lima|Miraflores|937751699
SEGMENTO_004|RUC|2081101271|CLIENT_00815|HABIDO|ACTIVO|LIMA|Lima|San Isidro|941636395
SEGMENTO_004|RUC|2004470530|CLIENT_00006|HABIDO|BAJA DE OFICIO|LIMA|Lima|Jesús María|945044608
SEGMENTO_004|RUC|2082231687|CLIENT_00914|HABIDO|ACTIVO|AREQUIPA|Arequipa|Arequipa|944819267
SEGMENTO_004|RUC|2033150864|CLIENT_00212|HABIDO|ACTIVO|LIMA|Lima|Jesús María|915285892
SEGMENTO_004|RUC|2047042192|CLIENT_00205|HABIDO|ACTIVO|LA LIBERTAD|Trujillo|Trujillo|931490847
SEGMENTO_004|RUC|2060627595|CLIENT_00757|HABIDO|ACTIVO|PIURA|Piura|Piura|945843994
SEGMENTO_004|RUC|2094902246|CLIENT_00008|HABIDO|ACTIVO|CUSCO|Cusco|Wanchaq|931060355
SEGMENTO_004|RUC|2096247949|CLIENT_00334|HABIDO|ACTIVO|LIMA|Lima|Lima|944644639
SEGMENTO_004|RUC|2081485489|CLIENT_00747|HABIDO|ACTIVO|PIURA|Piura|Piura|931991793
SEGMENTO_004|RUC|2012033056|CLIENT_00661|HABIDO|ACTIVO|AREQUIPA|Arequipa|Arequipa|925065261
SEGMENTO_004|RUC|2056212239|CLIENT_00766|HABIDO|ACTIVO|PUNO|San Román|Juliaca|931623983
SEGMENTO_002|RUC|2015652897|CLIENT_00439|NO HABIDO|ACTIVO|UCAYALI|Coronel Portillo|Calleria|961911173
SEGMENTO_004|RUC|2059120527|CLIENT_00870|HABIDO|ACTIVO|LIMA|Lima|San Isidro|946157111
SEGMENTO_004|RUC|2088089421|CLIENT_00726|HABIDO|ACTIVO|LIMA|Lima|Chorrillos|901925226
SEGMENTO_004|RUC|2049903266|CLIENT_00759|HABIDO|ACTIVO|AREQUIPA|Arequipa|Cerro Colorado|940240751
SEGMENTO_004|RUC|2003449498|CLIENT_00973|HABIDO|ACTIVO|LIMA|Lima|Miraflores|915822891
SEGMENTO_004|RUC|2089998824|CLIENT_00610|HABIDO|ACTIVO|LIMA|Lima|Lince|916835317
SEGMENTO_004|RUC|2045052005|CLIENT_00109|HABIDO|ACTIVO|LIMA|Lima|Rímac|915349455
SEGMENTO_004|RUC|2056218495|CLIENT_00461|HABIDO|ACTIVO|JUNIN|Satipo|Satipo|916205205
SEGMENTO_004|RUC|2005835327|CLIENT_00789|HABIDO|ACTIVO|LIMA|Lima|Lima|916674868
SEGMENTO_004|RUC|2065635379|CLIENT_00149|HABIDO|ACTIVO|LIMA|Lima|San Borja|917177275
SEGMENTO_004|RUC|2027996349|CLIENT_00133|HABIDO|ACTIVO|LIMA|Lima|Chorrillos|930086864
SEGMENTO_004|RUC|2045697347|CLIENT_00024|HABIDO|ACTIVO|LA LIBERTAD|Trujillo|Trujillo|937561862
SEGMENTO_004|RUC|2066367927|CLIENT_00527|HABIDO|ACTIVO|LIMA|Lima|Magdalena del Mar|930320559
SEGMENTO_004|RUC|2075689007|CLIENT_00194|HABIDO|ACTIVO|HUANUCO|Huánuco|Huanuco|930140244
SEGMENTO_004|RUC|2036551080|CLIENT_00678|NO HABIDO|BAJA DE OFICIO|PUNO|San Román|Juliaca|920777909
SEGMENTO_004|RUC|2049530478|CLIENT_00538|HABIDO|SUSPENSION TEMPORAL|LIMA|Lima|Santiago de Surco|936818154
SEGMENTO_004|RUC|2092905350|CLIENT_00612|HABIDO|ACTIVO|PIURA|Morropón|Chulucanas|941711378
SEGMENTO_004|RUC|2082156443|CLIENT_00237|HABIDO|ACTIVO|LA LIBERTAD|Trujillo|Trujillo|920724790
SEGMENTO_004|RUC|2031742610|CLIENT_00470|HABIDO|ACTIVO|PIURA|Talara|Pariñas|942150846
SEGMENTO_004|RUC|2002596408|CLIENT_00976|HABIDO|BAJA DE OFICIO|UCAYALI|Coronel Portillo|Calleria|961339324
SEGMENTO_004|RUC|2027296027|CLIENT_00408|HABIDO|ACTIVO|LIMA|Lima|Ancón|940894244
SEGMENTO_004|RUC|2078592081|CLIENT_00864|HABIDO|ACTIVO|LIMA|Lima|San Miguel|942519137
SEGMENTO_004|RUC|2034148976|CLIENT_00370|HABIDO|BAJA DEFINITIVA|LIMA|Lima|San Miguel|929217806
SEGMENTO_004|RUC|2068643068|CLIENT_00119|HABIDO|ACTIVO|LA LIBERTAD|Trujillo|Trujillo|910121819
SEGMENTO_004|RUC|2052573387|CLIENT_00197|HABIDO|ACTIVO|LIMA|Lima|Lima|944365486
SEGMENTO_004|RUC|2007930066|CLIENT_00244|HABIDO|ACTIVO|SAN MARTIN|San Martín|Tarapoto|920261308
SEGMENTO_004|RUC|2008000425|CLIENT_00443|HABIDO|ACTIVO|LIMA|Lima|Breña|942751291
SEGMENTO_004|RUC|2019455714|CLIENT_00324|HABIDO|ACTIVO|LIMA|Lima|Lince|961940805
SEGMENTO_004|RUC|2085048217|CLIENT_00031|HABIDO|SUSPENSION TEMPORAL|LIMA|Lima|Lince|940551474
SEGMENTO_004|RUC|2004375439|CLIENT_00427|HABIDO|ACTIVO|LIMA|Lima|San Borja|930426041
SEGMENTO_004|RUC|2075223983|CLIENT_00843|HABIDO|ACTIVO|AREQUIPA|Arequipa|Cerro Colorado|915888350
SEGMENTO_004|RUC|2014332657|CLIENT_00751|HABIDO|ACTIVO|LA LIBERTAD|Trujillo|Trujillo|901105419
SEGMENTO_004|RUC|2099786996|CLIENT_00380|HABIDO|ACTIVO|LIMA|Lima|San Isidro|920620670
SEGMENTO_004|RUC|2083070874|CLIENT_00459|HABIDO|ACTIVO|PIURA|Piura|Castilla|916065125
SEGMENTO_004|RUC|2021252272|CLIENT_00845|HABIDO|ACTIVO|LIMA|Lima|San Isidro|961407549
SEGMENTO_004|RUC|2045776570|CLIENT_00215|HABIDO|ACTIVO|LIMA|Huaura|Santa María|902274384
SEGMENTO_004|RUC|2020725590|CLIENT_00706|HABIDO|ACTIVO|JUNIN|Huancayo|Huancayo|920980895
SEGMENTO_004|RUC|2014556610|CLIENT_00214|HABIDO|ACTIVO|ANCASH|Huaraz|Huaraz|925756792
SEGMENTO_004|RUC|2063960356|CLIENT_00283|HABIDO|ACTIVO|AREQUIPA|Arequipa|Arequipa|910111365
SEGMENTO_004|RUC|2097086011|CLIENT_00624|HABIDO|ACTIVO|LIMA|Lima|San Isidro|930670241
SEGMENTO_002|RUC|2004755252|CLIENT_00017|HABIDO|ACTIVO|LIMA|Lima|Miraflores|944182035
SEGMENTO_004|RUC|2028628577|CLIENT_00851|HABIDO|ACTIVO|LIMA|Lima|Comas|945913515
SEGMENTO_004|RUC|2056323517|CLIENT_00831|HABIDO|ACTIVO|LIMA|Lima|Miraflores|914325931
SEGMENTO_004|RUC|2093055927|CLIENT_00174|HABIDO|ACTIVO|CALLAO|Prov. Const. del Callao|La Perla|914040389
SEGMENTO_004|RUC|2031188641|CLIENT_00178|HABIDO|ACTIVO|LIMA|Lima|Surquillo|902032311
SEGMENTO_004|RUC|2064447144|CLIENT_00541|HABIDO|ACTIVO|LIMA|Lima|La Victoria|936251870
SEGMENTO_004|RUC|2024991600|CLIENT_00919|HABIDO|ACTIVO|LIMA|Lima|La Molina|931214786
SEGMENTO_004|RUC|2080922598|CLIENT_00881|HABIDO|ACTIVO|LIMA|Lima|Barranco|930283359
SEGMENTO_004|RUC|2015048988|CLIENT_00520|HABIDO|ACTIVO|AREQUIPA|Arequipa|Miraflores|940336536
SEGMENTO_004|RUC|2060056891|CLIENT_00140|HABIDO|ACTIVO|TUMBES|Tumbes|Tumbes|946081868
SEGMENTO_004|RUC|2070083854|CLIENT_00585|HABIDO|ACTIVO|LIMA|Lima|Miraflores|928430689
SEGMENTO_004|RUC|2025302023|CLIENT_00267|HABIDO|ACTIVO|LIMA|Lima|Ate|920979962
SEGMENTO_004|RUC|2062397864|CLIENT_00410|HABIDO|ACTIVO|LIMA|Lima|Miraflores|936155805
SEGMENTO_004|RUC|2093402197|CLIENT_00225|HABIDO|ACTIVO|LA LIBERTAD|Ascope|Chicama|910023560
SEGMENTO_004|RUC|2061659174|CLIENT_00929|HABIDO|ACTIVO|LIMA|Lima|Barranco|944977159
SEGMENTO_004|RUC|2073797693|CLIENT_00207|HABIDO|ACTIVO|CAJAMARCA|Cajamarca|Cajamarca|936784155
SEGMENTO_004|RUC|2069376951|CLIENT_00700|NO HABIDO|BAJA DE OFICIO|LIMA|Lima|La Molina|936175276
SEGMENTO_004|RUC|2089094497|CLIENT_00230|HABIDO|ACTIVO|LIMA|Lima|Lima|942618862
SEGMENTO_004|RUC|2028337208|CLIENT_00383|HABIDO|ACTIVO|LIMA|Lima|San Miguel|936605622
SEGMENTO_002|RUC|2032318459|CLIENT_00719|HABIDO|ACTIVO|LIMA|Lima|Lima|925294224
SEGMENTO_004|RUC|1033919058|CLIENT_00092|HABIDO|ACTIVO|ICA|Pisco|San Andrés|942713066
SEGMENTO_002|RUC|2052206183|CLIENT_00058|HABIDO|ACTIVO|LIMA|Lima|Miraflores|946978091
SEGMENTO_004|RUC|2070863024|CLIENT_00753|HABIDO|ACTIVO|LIMA|Lima|La Molina|937989685
SEGMENTO_004|RUC|2012809849|CLIENT_00597|HABIDO|ACTIVO|LIMA|Lima|Santiago de Surco|942595932
SEGMENTO_004|RUC|2094607578|CLIENT_00434|HABIDO|ACTIVO|LIMA|Lima|Santiago de Surco|928004910
SEGMENTO_004|RUC|2068445567|CLIENT_00718|HABIDO|ACTIVO|LA LIBERTAD|Trujillo|Trujillo|910471016
SEGMENTO_004|RUC|2013743067|CLIENT_00900|HABIDO|SUSPENSION TEMPORAL|ICA|Nasca|Vista Alegre|929625026
SEGMENTO_004|RUC|2090454335|CLIENT_00734|HABIDO|ACTIVO|TACNA|Tacna|Tacna|940546682
SEGMENTO_004|RUC|2059054819|CLIENT_00448|HABIDO|ACTIVO|LIMA|Lima|Chorrillos|930991620
SEGMENTO_004|RUC|2088352056|CLIENT_00309|HABIDO|ACTIVO|LAMBAYEQUE|Chiclayo|José Leonardo Ortiz|937316682
SEGMENTO_004|RUC|2077511265|CLIENT_00056|HABIDO|ACTIVO|LIMA|Lima|Lima|929830516
SEGMENTO_004|RUC|2005026451|CLIENT_00715|HABIDO|ACTIVO|LIMA|Lima|San Isidro|928308586
SEGMENTO_004|RUC|2059135824|CLIENT_00447|HABIDO|ACTIVO|LIMA|Lima|Miraflores|915473118
SEGMENTO_004|RUC|2046751787|CLIENT_00193|HABIDO|ACTIVO|LIMA|Lima|Comas|925509772
SEGMENTO_004|RUC|2040866126|CLIENT_00173|HABIDO|ACTIVO|AREQUIPA|Arequipa|Cerro Colorado|902552778
SEGMENTO_004|RUC|2012793422|CLIENT_00234|HABIDO|ACTIVO|LIMA|Lima|San Borja|936654509
SEGMENTO_004|RUC|1021589348|CLIENT_00084|HABIDO|ACTIVO|JUNIN|Huancayo|Huancayo|946836414
SEGMENTO_004|RUC|2037757541|CLIENT_00199|HABIDO|ACTIVO|LIMA|Lima|Santa Anita|931560436
SEGMENTO_004|RUC|2029599576|CLIENT_00206|HABIDO|ACTIVO|LIMA|Lima|La Victoria|901800755
SEGMENTO_004|RUC|2090223377|CLIENT_00596|HABIDO|ACTIVO|CALLAO|Prov. Const. del Callao|Callao|929619811
SEGMENTO_004|RUC|2009785405|CLIENT_00403|HABIDO|ACTIVO|LIMA|Lima|San Martín de Porres|941796377
SEGMENTO_004|RUC|2022589688|CLIENT_00286|HABIDO|ACTIVO|UCAYALI|Coronel Portillo|Calleria|928212155
SEGMENTO_004|RUC|2029457874|CLIENT_00615|HABIDO|ACTIVO|LAMBAYEQUE|Chiclayo|Chiclayo|937620223
SEGMENTO_004|RUC|2037925283|CLIENT_00384|HABIDO|ACTIVO|LIMA|Lima|Santiago de Surco|916495832
SEGMENTO_004|RUC|2051502270|CLIENT_00832|HABIDO|ACTIVO|ICA|Chincha|Chincha Alta|901503422
SEGMENTO_004|RUC|2044242578|CLIENT_00641|HABIDO|ACTIVO|LIMA|Lima|Surquillo|929673429
SEGMENTO_004|RUC|2050544462|CLIENT_00635|HABIDO|ACTIVO|LIMA|Lima|Jesús María|936491061
SEGMENTO_004|RUC|2042761198|CLIENT_00731|HABIDO|ACTIVO|CAJAMARCA|Cajabamba|Cajabamba|947160530
SEGMENTO_004|RUC|2000121758|CLIENT_00553|HABIDO|ACTIVO|LIMA|Huaura|Huacho|936047667
SEGMENTO_004|RUC|2039660724|CLIENT_00161|HABIDO|ACTIVO|PIURA|Piura|Catacaos|928583508
SEGMENTO_004|RUC|2022677765|CLIENT_00939|HABIDO|ACTIVO|JUNIN|Tarma|Tarma|929359849
SEGMENTO_004|RUC|2007306359|CLIENT_00438|HABIDO|BAJA DE OFICIO|LIMA|Lima|Rímac|942351625
SEGMENTO_004|RUC|2093894628|CLIENT_00356|HABIDO|ACTIVO|LIMA|Lima|Ate|914727861
SEGMENTO_004|RUC|2096010597|CLIENT_00892|HABIDO|ACTIVO|PIURA|Piura|Castilla|946628784
SEGMENTO_002|RUC|2032805428|CLIENT_00508|HABIDO|ACTIVO|LIMA|Lima|La Victoria|942881510
SEGMENTO_004|RUC|2042836144|CLIENT_00920|HABIDO|ACTIVO|LIMA|Lima|Pueblo Libre|916114988
SEGMENTO_004|RUC|2051379016|CLIENT_00444|HABIDO|ACTIVO|LIMA|Lima|Villa El Salvador|920948640
SEGMENTO_002|RUC|2068263724|CLIENT_00962|HABIDO|ACTIVO|LIMA|Lima|San Isidro|961871924
SEGMENTO_004|RUC|2052784539|CLIENT_00712|HABIDO|ACTIVO|LIMA|Lima|Miraflores|946889380
SEGMENTO_004|RUC|2052036896|CLIENT_00239|HABIDO|ACTIVO|LIMA|Lima|La Victoria|942364407
SEGMENTO_004|RUC|2081251090|CLIENT_00501|HABIDO|ACTIVO|LIMA|Lima|Santiago de Surco|914170204
SEGMENTO_002|RUC|2006954009|CLIENT_00108|HABIDO|ACTIVO|LIMA|Lima|San Borja|915116933
SEGMENTO_004|RUC|2045976976|CLIENT_00651|HABIDO|ACTIVO|APURIMAC|Abancay|Abancay|917984573
SEGMENTO_004|RUC|2068641471|CLIENT_00978|HABIDO|BAJA PROV. POR OFICI|LIMA|Lima|Ate|915120824
SEGMENTO_004|RUC|2071743172|CLIENT_00958|HABIDO|ACTIVO|AREQUIPA|Arequipa|Jacobo Hunter|910096473
SEGMENTO_002|RUC|2051562677|CLIENT_00360|HABIDO|ACTIVO|LA LIBERTAD|Trujillo|Trujillo|942101068
SEGMENTO_004|RUC|2028858667|CLIENT_00821|HABIDO|ACTIVO|LIMA|Lima|Santiago de Surco|944159768
SEGMENTO_004|RUC|2061098744|CLIENT_00011|NO HABIDO|ACTIVO|LIMA|Lima|Surquillo|910726956
SEGMENTO_004|RUC|2066685881|CLIENT_00643|HABIDO|ACTIVO|CUSCO|Cusco|Cusco|925754590
SEGMENTO_004|RUC|2040229066|CLIENT_00138|HABIDO|ACTIVO|LIMA|Lima|San Luis|902488980
SEGMENTO_004|RUC|2033295502|CLIENT_00513|HABIDO|ACTIVO|LIMA|Lima|San Borja|910947876
SEGMENTO_004|RUC|2052142070|CLIENT_00503|HABIDO|ACTIVO|LIMA|Lima|Carabayllo|920441026
SEGMENTO_004|RUC|2062894104|CLIENT_00158|HABIDO|ACTIVO|LIMA|Lima|El Agustino|937039915
SEGMENTO_004|RUC|2012438665|CLIENT_00737|HABIDO|ACTIVO|PIURA|Talara|Mancora|942790719
SEGMENTO_004|RUC|2092010368|CLIENT_00983|HABIDO|ACTIVO|PUNO|Puno|Puno|946624176
SEGMENTO_004|RUC|2072848023|CLIENT_00945|HABIDO|ACTIVO|LIMA|Lima|Carabayllo|931281366
SEGMENTO_004|RUC|2033591606|CLIENT_00518|HABIDO|ACTIVO|LIMA|Lima|Santiago de Surco|947132891
SEGMENTO_004|RUC|2043525526|CLIENT_00979|HABIDO|ACTIVO|LIMA|Lima|Miraflores|946616112
SEGMENTO_002|RUC|2027825543|CLIENT_00857|HABIDO|ACTIVO|LIMA|Lima|San Isidro|928139674
SEGMENTO_004|RUC|1002436750|CLIENT_00326|HABIDO|ACTIVO|HUANUCO|Huánuco|Huanuco|925722291
SEGMENTO_004|RUC|2078721881|CLIENT_00115|HABIDO|ACTIVO|LIMA|Lima|Surquillo|944321924
SEGMENTO_004|RUC|2052763268|CLIENT_00035|HABIDO|ACTIVO|AREQUIPA|Arequipa|Arequipa|936974428
SEGMENTO_004|RUC|2030078470|CLIENT_00905|HABIDO|ACTIVO|LIMA|Lima|Santiago de Surco|947029951
SEGMENTO_004|RUC|2011477272|CLIENT_00677|HABIDO|ACTIVO|LIMA|Lima|Santiago de Surco|902902421
SEGMENTO_004|RUC|2006969490|CLIENT_00418|HABIDO|ACTIVO|PIURA|Piura|Piura|914564942
SEGMENTO_004|RUC|2061989491|CLIENT_00986|HABIDO|ACTIVO|LIMA|Lima|Santiago de Surco|944511350
SEGMENTO_004|RUC|2021705119|CLIENT_00201|HABIDO|ACTIVO|CAJAMARCA|Cajamarca|Cajamarca|910492656
SEGMENTO_004|RUC|2024906192|CLIENT_00412|HABIDO|ACTIVO|SAN MARTIN|San Martín|Tarapoto|944259633
SEGMENTO_004|RUC|2080221488|CLIENT_00213|HABIDO|ACTIVO|LIMA|Lima|Pueblo Libre|942836432
SEGMENTO_004|RUC|2042009956|CLIENT_00165|HABIDO|ACTIVO|LIMA|Lima|Santa Anita|944161783
SEGMENTO_004|RUC|2007367776|CLIENT_00411|HABIDO|ACTIVO|LIMA|Lima|San Juan de Miraflores|920722522
SEGMENTO_004|RUC|2027876144|CLIENT_00343|HABIDO|ACTIVO|LIMA|Lima|Independencia|916073174
SEGMENTO_002|RUC|2003418714|CLIENT_00435|HABIDO|ACTIVO|LIMA|Lima|San Isidro|928778044
SEGMENTO_004|RUC|2098283606|CLIENT_00347|HABIDO|BAJA DE OFICIO|LIMA|Lima|Comas|925264188
SEGMENTO_004|RUC|2059955585|CLIENT_00200|HABIDO|ACTIVO|ICA|Ica|Ica|902488505
SEGMENTO_004|RUC|2050836779|CLIENT_00070|HABIDO|ACTIVO|LIMA|Lima|Santiago de Surco|915672959
SEGMENTO_004|RUC|2000954519|CLIENT_00989|HABIDO|ACTIVO|LIMA|Lima|Lima|925912187
SEGMENTO_004|RUC|2057768570|CLIENT_00068|HABIDO|ACTIVO|LIMA|Lima|Lima|917920826
SEGMENTO_004|RUC|2088087892|CLIENT_00301|HABIDO|ACTIVO|LIMA|Lima|Miraflores|928284063
SEGMENTO_004|RUC|2016185603|CLIENT_00221|HABIDO|BAJA DE OFICIO|JUNIN|Huancayo|Huancayo|920353021
SEGMENTO_004|RUC|2038523791|CLIENT_00595|HABIDO|ACTIVO|LIMA|Lima|La Molina|916701822
SEGMENTO_004|RUC|2005090949|CLIENT_00830|HABIDO|ACTIVO|AREQUIPA|Arequipa|Miraflores|940931629
SEGMENTO_003|RUC|2074885080|CLIENT_00308|HABIDO|ACTIVO|PASCO|Pasco|Yanacancha|920757731
SEGMENTO_004|RUC|2012285306|CLIENT_00349|NO HABIDO|BAJA DE OFICIO|LIMA|Lima|Lima|961073192
SEGMENTO_004|RUC|2031307595|CLIENT_00876|HABIDO|ACTIVO|CUSCO|Urubamba|Ollantaytambo|945592140
SEGMENTO_004|RUC|2062644804|CLIENT_00156|HABIDO|ACTIVO|CAJAMARCA|Jaén|Jaén|914143114
SEGMENTO_004|RUC|2091901431|CLIENT_00297|HABIDO|ACTIVO|CUSCO|Cusco|Cusco|940121385
SEGMENTO_004|RUC|2052084350|CLIENT_00841|HABIDO|ACTIVO|LA LIBERTAD|Trujillo|Trujillo|946353490
SEGMENTO_004|RUC|2001625741|CLIENT_00222|NO HABIDO|BAJA DE OFICIO|LAMBAYEQUE|Chiclayo|Chiclayo|914004813
SEGMENTO_004|RUC|2066690205|CLIENT_00259|HABIDO|ACTIVO|LIMA|Lima|Lurin|936695902
SEGMENTO_004|RUC|2077608678|CLIENT_00105|HABIDO|ACTIVO|PASCO|Oxapampa|Villa Rica|925086261
SEGMENTO_002|RUC|2001476166|CLIENT_00915|HABIDO|ACTIVO|LIMA|Lima|Santiago de Surco|902449006
SEGMENTO_004|RUC|2001938901|CLIENT_00457|HABIDO|ACTIVO|LIMA|Lima|Villa El Salvador|910528215
SEGMENTO_004|RUC|2098217998|CLIENT_00516|HABIDO|ACTIVO|CALLAO|Prov. Const. del Callao|Callao|914304195
SEGMENTO_004|RUC|2032635276|CLIENT_00664|HABIDO|ACTIVO|CAJAMARCA|Chota|Chota|910463046
SEGMENTO_004|RUC|2003970000|CLIENT_00085|HABIDO|SUSPENSION TEMPORAL|LIMA|Lima|Miraflores|941127225
SEGMENTO_004|RUC|2074525786|CLIENT_00733|HABIDO|ACTIVO|PUNO|San Román|Juliaca|910155625
SEGMENTO_004|RUC|2035877410|CLIENT_00432|HABIDO|BAJA DE OFICIO|PIURA|Piura|Piura|929060389
SEGMENTO_004|RUC|2021652039|CLIENT_00067|HABIDO|ACTIVO|LA LIBERTAD|Trujillo|Trujillo|901118459
SEGMENTO_004|RUC|2000507960|CLIENT_00943|HABIDO|ACTIVO|LA LIBERTAD|Ascope|Paijan|942098620
SEGMENTO_004|RUC|2023554395|CLIENT_00492|HABIDO|BAJA DE OFICIO|PIURA|Piura|Piura|944652381
SEGMENTO_004|RUC|2093387336|CLIENT_00580|HABIDO|ACTIVO|LIMA|Lima|San Juan de Miraflores|920596075
SEGMENTO_004|RUC|2014689387|CLIENT_00420|HABIDO|ACTIVO|LIMA|Lima|Miraflores|936639262
SEGMENTO_004|RUC|2006563540|CLIENT_00639|HABIDO|ACTIVO|ANCASH|Huaraz|Huaraz|942245602
SEGMENTO_004|RUC|2089896350|CLIENT_00217|HABIDO|ACTIVO|LIMA|Lima|Los Olivos|915651996
SEGMENTO_002|RUC|2069121500|CLIENT_00717|HABIDO|ACTIVO|LIMA|Lima|Magdalena del Mar|901344645
SEGMENTO_004|RUC|2051682890|CLIENT_00374|HABIDO|ACTIVO|ANCASH|Santa|Chimbote|936887130
SEGMENTO_004|RUC|2050748661|CLIENT_00587|HABIDO|BAJA DE OFICIO|LIMA|Lima|Santa Anita|901487287
SEGMENTO_004|RUC|2080795747|CLIENT_00687|HABIDO|ACTIVO|LIMA|Lima|Chorrillos|916760455
SEGMENTO_002|RUC|2003858294|CLIENT_00954|HABIDO|ACTIVO|LIMA|Lima|Lurigancho|930099999
SEGMENTO_004|RUC|2058024554|CLIENT_00604|HABIDO|ACTIVO|LIMA|Lima|Los Olivos|915134179
SEGMENTO_004|RUC|2078726535|CLIENT_00097|HABIDO|BAJA DE OFICIO|LIMA|Lima|Ate|945981378
SEGMENTO_004|RUC|2067095729|CLIENT_00388|HABIDO|ACTIVO|LA LIBERTAD|Trujillo|Trujillo|902632330
SEGMENTO_004|RUC|2005459584|CLIENT_00291|HABIDO|ACTIVO|LORETO|Maynas|Iquitos|946995670
SEGMENTO_004|RUC|2067392845|CLIENT_00917|HABIDO|ACTIVO|LIMA|Lima|Ate|936051234
SEGMENTO_002|RUC|2053276369|CLIENT_00932|HABIDO|ACTIVO|SAN MARTIN|San Martín|Tarapoto|940781233
SEGMENTO_004|RUC|2012895360|CLIENT_00264|HABIDO|ACTIVO|LORETO|Maynas|Punchana|928114437
SEGMENTO_004|RUC|2078944293|CLIENT_00812|HABIDO|ACTIVO|TACNA|Tacna|Tacna|920150964
SEGMENTO_002|RUC|2098929554|CLIENT_00413|HABIDO|ACTIVO|LIMA|Lima|Miraflores|947729559
SEGMENTO_004|RUC|2090077848|CLIENT_00372|HABIDO|ACTIVO|TUMBES|Tumbes|Tumbes|925396648
SEGMENTO_004|RUC|2044541341|CLIENT_00399|HABIDO|SUSPENSION TEMPORAL|ANCASH|Casma|Casma|917440296
SEGMENTO_004|RUC|2055840070|CLIENT_00557|HABIDO|ACTIVO|LIMA|Lima|Miraflores|937997298
SEGMENTO_004|RUC|2043931605|CLIENT_00834|HABIDO|ACTIVO|JUNIN|Huancayo|El Tambo|915769424
SEGMENTO_004|RUC|2080123968|CLIENT_00281|HABIDO|ACTIVO|LIMA|Lima|San Borja|920140813
SEGMENTO_004|RUC|2033213127|CLIENT_00483|HABIDO|BAJA PROV. POR OFICI|LIMA|Lima|Los Olivos|945383579
SEGMENTO_004|RUC|2054376441|CLIENT_00416|HABIDO|SUSPENSION TEMPORAL|PIURA|Sullana|Sullana|961125907
SEGMENTO_004|RUC|2088901543|CLIENT_00185|HABIDO|ACTIVO|UCAYALI|Coronel Portillo|Yarinacocha|947127530
SEGMENTO_004|RUC|2004792943|CLIENT_00818|HABIDO|ACTIVO|LIMA|Lima|Surquillo|917224328
SEGMENTO_004|RUC|2050012017|CLIENT_00285|HABIDO|ACTIVO|LIMA|Lima|Breña|901408418
SEGMENTO_004|RUC|2093804116|CLIENT_00577|HABIDO|ACTIVO|LIMA|Lima|La Victoria|929360358
SEGMENTO_004|RUC|2010229419|CLIENT_00940|HABIDO|ACTIVO|LIMA|Lima|Barranco|914432844
SEGMENTO_004|RUC|1048743727|CLIENT_00498|HABIDO|ACTIVO|LA LIBERTAD|Trujillo|El Porvenir|914436850
SEGMENTO_004|RUC|1031024653|CLIENT_00975|HABIDO|ACTIVO|LA LIBERTAD|Trujillo|Trujillo|902474204
SEGMENTO_004|RUC|2035992313|CLIENT_00793|HABIDO|ACTIVO|JUNIN|Yauli|Morococha|930733808
SEGMENTO_004|RUC|2016965059|CLIENT_00391|HABIDO|ACTIVO|SAN MARTIN|San Martín|La Banda de Shilcayo|930727403
SEGMENTO_004|RUC|2098378939|CLIENT_00598|HABIDO|ACTIVO|LIMA|Lima|Santiago de Surco|914766687
SEGMENTO_004|RUC|2028381006|CLIENT_00481|HABIDO|ACTIVO|JUNIN|Huancayo|Chilca|947783771
SEGMENTO_004|RUC|2033412319|CLIENT_00995|HABIDO|ACTIVO|CUSCO|Cusco|Wanchaq|930451224
SEGMENTO_004|RUC|2061945853|CLIENT_00964|HABIDO|ACTIVO|AREQUIPA|Arequipa|Arequipa|947999991
SEGMENTO_004|RUC|2026820794|CLIENT_00028|HABIDO|ACTIVO|LIMA|Lima|Lurigancho|910522437
SEGMENTO_004|RUC|2082618416|CLIENT_00083|HABIDO|BAJA DE OFICIO|AREQUIPA|Arequipa|La Joya|937071043
SEGMENTO_004|RUC|2021717009|CLIENT_00572|HABIDO|ACTIVO|JUNIN|Huancayo|El Tambo|917695392
SEGMENTO_004|RUC|2066854509|CLIENT_00619|HABIDO|ACTIVO|LIMA|Lima|Miraflores|915466571
SEGMENTO_004|RUC|2086870606|CLIENT_00742|HABIDO|ACTIVO|LIMA|Lima|San Juan de Lurigancho|931667897
SEGMENTO_004|RUC|2048682270|CLIENT_00300|HABIDO|ACTIVO|LIMA|Lima|Pachacamac|915724203
SEGMENTO_002|RUC|2039530710|CLIENT_00063|HABIDO|ACTIVO|UCAYALI|Coronel Portillo|Calleria|902483791
SEGMENTO_004|RUC|2031981897|CLIENT_00248|HABIDO|ACTIVO|LIMA|Lima|San Borja|961417921
SEGMENTO_004|RUC|2090896108|CLIENT_00183|HABIDO|ACTIVO|LA LIBERTAD|Trujillo|El Porvenir|941360529
SEGMENTO_004|RUC|2046058498|CLIENT_00633|HABIDO|ACTIVO|LIMA|Lima|San Isidro|930377117
SEGMENTO_004|RUC|2010061458|CLIENT_00524|HABIDO|ACTIVO|LIMA|Lima|San Miguel|945280741
SEGMENTO_004|RUC|2060001107|CLIENT_00314|HABIDO|ACTIVO|LIMA|Lima|Los Olivos|946427305
SEGMENTO_004|RUC|2040008808|CLIENT_00209|HABIDO|ACTIVO|PIURA|Sullana|Ignacio Escudero|925091068
SEGMENTO_004|RUC|2043931649|CLIENT_00311|HABIDO|ACTIVO|LIMA|Lima|San Juan de Lurigancho|910808490
SEGMENTO_004|RUC|2021250702|CLIENT_00176|HABIDO|ACTIVO|LIMA|Lima|Magdalena del Mar|941356152
SEGMENTO_004|RUC|2022543695|CLIENT_00820|HABIDO|ACTIVO|LIMA|Lima|El Agustino|942724514
SEGMENTO_004|RUC|2031853028|CLIENT_00531|HABIDO|ACTIVO|LIMA|Lima|Los Olivos|940588807
SEGMENTO_004|RUC|2068178034|CLIENT_00379|HABIDO|BAJA DE OFICIO|LIMA|Lima|Villa El Salvador|914929468
SEGMENTO_004|RUC|2008371952|CLIENT_00582|HABIDO|ACTIVO|TACNA|Tacna|Tacna|930517867
SEGMENTO_004|RUC|2003554480|CLIENT_00842|HABIDO|BAJA PROV. POR OFICI|LIMA|Lima|Santiago de Surco|945551088
SEGMENTO_004|RUC|2063005127|CLIENT_00354|HABIDO|ACTIVO|SAN MARTIN|San Martín|Tarapoto|914799192
SEGMENTO_004|RUC|2017937229|CLIENT_00299|HABIDO|ACTIVO|LIMA|Lima|Jesús María|942824456
SEGMENTO_004|RUC|1003385935|CLIENT_00953|HABIDO|ACTIVO|LIMA|Lima|San Isidro|930040194
SEGMENTO_004|RUC|2044354863|CLIENT_00913|HABIDO|ACTIVO|LIMA|Lima|Lince|920712307
SEGMENTO_004|RUC|2009780710|CLIENT_00275|HABIDO|ACTIVO|CALLAO|Prov. Const. del Callao|Callao|901347946
SEGMENTO_004|RUC|2011487576|CLIENT_00046|HABIDO|ACTIVO|LIMA|Lima|Magdalena del Mar|914522412
SEGMENTO_004|RUC|2063540669|CLIENT_00684|HABIDO|ACTIVO|LIMA|Lima|Comas|914981163
SEGMENTO_004|RUC|2002061694|CLIENT_00005|HABIDO|SUSPENSION TEMPORAL|CAJAMARCA|Cajamarca|Cajamarca|928635159
SEGMENTO_004|RUC|2051609298|CLIENT_00844|HABIDO|ACTIVO|LIMA|Lima|Punta Hermosa|931308213
SEGMENTO_002|RUC|2056940528|CLIENT_00704|HABIDO|ACTIVO|LIMA|Lima|San Isidro|931761713
SEGMENTO_004|RUC|2016792398|CLIENT_00998|HABIDO|ACTIVO|LIMA|Lima|La Molina|916454237
SEGMENTO_004|RUC|2070410790|CLIENT_00505|HABIDO|ACTIVO|TACNA|Tacna|Tacna|946281341
SEGMENTO_004|RUC|2068423196|CLIENT_00030|HABIDO|ACTIVO|ANCASH|Santa|Chimbote|914770617
SEGMENTO_004|RUC|2001681016|CLIENT_00750|HABIDO|ACTIVO|LA LIBERTAD|Trujillo|Trujillo|917238048
SEGMENTO_004|RUC|2091789509|CLIENT_00886|HABIDO|ACTIVO|CALLAO|Prov. Const. del Callao|Callao|944608573
SEGMENTO_004|RUC|2070698896|CLIENT_00456|HABIDO|ACTIVO|LIMA|Lima|Lince|944895620
SEGMENTO_004|RUC|2083625607|CLIENT_00352|HABIDO|ACTIVO|LIMA|Lima|Miraflores|936187707
SEGMENTO_004|RUC|2007701500|CLIENT_00007|HABIDO|ACTIVO|LIMA|Lima|Villa El Salvador|931103143
SEGMENTO_004|RUC|2069458837|CLIENT_00566|HABIDO|ACTIVO|CUSCO|Cusco|Wanchaq|945894765
SEGMENTO_004|RUC|2096148900|CLIENT_00810|HABIDO|ACTIVO|LIMA|Lima|Comas|941835249
SEGMENTO_004|RUC|2043951639|CLIENT_00898|HABIDO|ACTIVO|LIMA|Lima|San Isidro|914890912
SEGMENTO_004|RUC|2004670915|CLIENT_00592|HABIDO|ACTIVO|CALLAO|Prov. Const. del Callao|Bellavista|916657082
SEGMENTO_004|RUC|2020901478|CLIENT_00179|HABIDO|ACTIVO|UCAYALI|Coronel Portillo|Manantay|925218863
SEGMENTO_004|RUC|2037323316|CLIENT_00110|HABIDO|ACTIVO|LA LIBERTAD|Pacasmayo|Guadalupe|917855522
SEGMENTO_004|RUC|2079494682|CLIENT_00959|HABIDO|ACTIVO|LIMA|Lima|Lima|931496500
SEGMENTO_004|RUC|2051560969|CLIENT_00910|HABIDO|ACTIVO|LIMA|Lima|La Victoria|920941131
SEGMENTO_004|RUC|2054885131|CLIENT_00758|HABIDO|ACTIVO|LIMA|Lima|Miraflores|914861252
SEGMENTO_004|RUC|2032321899|CLIENT_00907|HABIDO|ACTIVO|PIURA|Paita|Paita|936908106
SEGMENTO_002|RUC|2096223281|CLIENT_00078|HABIDO|ACTIVO|LA LIBERTAD|Trujillo|Huanchaco|946157815
SEGMENTO_004|RUC|2075649292|CLIENT_00761|HABIDO|ACTIVO|PIURA|Piura|Piura|920410380
SEGMENTO_004|RUC|2063051543|CLIENT_00629|HABIDO|ACTIVO|LIMA|Lima|La Molina|902407545
SEGMENTO_004|RUC|2059396553|CLIENT_00171|HABIDO|ACTIVO|LIMA|Lima|San Isidro|910635079
SEGMENTO_004|RUC|2002205885|CLIENT_00974|HABIDO|ACTIVO|LA LIBERTAD|Trujillo|Trujillo|946993592
SEGMENTO_004|RUC|2080122729|CLIENT_00270|HABIDO|ACTIVO|ANCASH|Santa|Chimbote|925764678
SEGMENTO_002|RUC|2028148322|CLIENT_00798|HABIDO|ACTIVO|JUNIN|Huancayo|El Tambo|947121375
SEGMENTO_004|RUC|2078299854|CLIENT_00460|HABIDO|ACTIVO|LIMA|Lima|Carabayllo|910361383
SEGMENTO_002|RUC|2078929230|CLIENT_00522|HABIDO|ACTIVO|LIMA|Lima|Villa El Salvador|940894153
SEGMENTO_004|RUC|2045855183|CLIENT_00181|HABIDO|ACTIVO|LIMA|Lima|Ate|942509923
SEGMENTO_004|RUC|2018501249|CLIENT_00107|HABIDO|ACTIVO|LIMA|Lima|Surquillo|914940186
SEGMENTO_004|RUC|2075863671|CLIENT_00860|HABIDO|ACTIVO|LIMA|Lima|La Victoria|940168863
SEGMENTO_004|RUC|2018744971|CLIENT_00926|HABIDO|ACTIVO|LIMA|Lima|Miraflores|931125503
SEGMENTO_004|RUC|2035559917|CLIENT_00985|HABIDO|ACTIVO|PIURA|Piura|Piura|936384652
SEGMENTO_004|RUC|2054335919|CLIENT_00098|HABIDO|ACTIVO|LIMA|Lima|Lima|916120888
SEGMENTO_004|RUC|2006706420|CLIENT_00618|HABIDO|ACTIVO|LIMA|Lima|San Juan de Lurigancho|947318734
SEGMENTO_004|RUC|2067617220|CLIENT_00473|HABIDO|ACTIVO|ANCASH|Santa|Nuevo Chimbote|941392961
SEGMENTO_004|RUC|2002509216|CLIENT_00632|HABIDO|ACTIVO|PIURA|Piura|Castilla|902737812
SEGMENTO_004|RUC|2005956371|CLIENT_00911|HABIDO|ACTIVO|LIMA|Lima|San Juan de Miraflores|941386905
SEGMENTO_004|RUC|2079513695|CLIENT_00366|HABIDO|ACTIVO|ANCASH|Santa|Chimbote|928917826
SEGMENTO_004|RUC|2031569282|CLIENT_00055|HABIDO|ACTIVO|CALLAO|Prov. Const. del Callao|Callao|910448647
SEGMENTO_004|RUC|2065299671|CLIENT_00567|HABIDO|BAJA DE OFICIO|CUSCO|Cusco|Wanchaq|901690152
SEGMENTO_004|RUC|2062557489|CLIENT_00942|HABIDO|ACTIVO|LIMA|Lima|Lima|937464608
SEGMENTO_004|RUC|2020585312|CLIENT_00189|HABIDO|ACTIVO|AREQUIPA|Arequipa|Jacobo Hunter|901029705
SEGMENTO_004|RUC|2008001207|CLIENT_00593|HABIDO|SUSPENSION TEMPORAL|LIMA|Lima|La Victoria|928717553
SEGMENTO_004|RUC|2097713662|CLIENT_00685|HABIDO|ACTIVO|LIMA|Lima|Pueblo Libre|942811387
SEGMENTO_004|RUC|2074167428|CLIENT_00982|HABIDO|ACTIVO|LIMA|Lima|Santiago de Surco|930670627
SEGMENTO_004|RUC|2039863336|CLIENT_00791|HABIDO|ACTIVO|AREQUIPA|Arequipa|Cerro Colorado|920438333
SEGMENTO_004|RUC|2038577653|CLIENT_00409|HABIDO|ACTIVO|UCAYALI|Coronel Portillo|Calleria|901712810
SEGMENTO_004|RUC|2007283332|CLIENT_00493|HABIDO|BAJA DE OFICIO|UCAYALI|Coronel Portillo|Calleria|937885760
SEGMENTO_002|RUC|2027501843|CLIENT_00533|HABIDO|ACTIVO|LIMA|Lima|Chorrillos|910089816
SEGMENTO_004|RUC|2022213767|CLIENT_00116|HABIDO|ACTIVO|LIMA|Lima|San Isidro|944657139
SEGMENTO_004|RUC|2031091013|CLIENT_00196|HABIDO|ACTIVO|PIURA|Sullana|Bellavista|925612896
SEGMENTO_004|RUC|2035737939|CLIENT_00788|HABIDO|SUSPENSION TEMPORAL|JUNIN|Huancayo|El Tambo|917763111
SEGMENTO_004|RUC|2024257504|CLIENT_00509|HABIDO|ACTIVO|LIMA|Lima|Lima|925489200
SEGMENTO_004|RUC|2041264624|CLIENT_00040|NO HABIDO|BAJA DE OFICIO|AREQUIPA|Arequipa|Arequipa|940256546
SEGMENTO_004|RUC|2099913198|CLIENT_00654|HABIDO|ACTIVO|LIMA|Lima|La Molina|929320677
SEGMENTO_004|RUC|2022643357|CLIENT_00298|HABIDO|ACTIVO|AREQUIPA|Arequipa|Arequipa|917788228
SEGMENTO_004|RUC|2086007246|CLIENT_00809|HABIDO|ACTIVO|LIMA|Lima|Miraflores|945315525
SEGMENTO_002|RUC|2006121666|CLIENT_00662|HABIDO|ACTIVO|LIMA|Lima|Lima|931207641
SEGMENTO_004|RUC|2069910455|CLIENT_00192|HABIDO|ACTIVO|LIMA|Lima|Santiago de Surco|942635343
SEGMENTO_004|RUC|2044236396|CLIENT_00833|HABIDO|ACTIVO|LIMA|Lima|San Borja|941981318
SEGMENTO_004|RUC|2002271273|CLIENT_00273|HABIDO|ACTIVO|LIMA|Lima|Santiago de Surco|941831957
SEGMENTO_004|RUC|2014709746|CLIENT_00875|HABIDO|ACTIVO|LIMA|Lima|Lima|902936870
SEGMENTO_004|RUC|2088087005|CLIENT_00689|HABIDO|ACTIVO|LA LIBERTAD|Trujillo|Trujillo|917121348
SEGMENTO_004|RUC|2052323757|CLIENT_00530|HABIDO|ACTIVO|LIMA|Lima|San Isidro|917722311
SEGMENTO_004|RUC|2050334437|CLIENT_00131|HABIDO|ACTIVO|LIMA|Lima|San Miguel|902075482
SEGMENTO_004|RUC|2012621430|CLIENT_00065|HABIDO|ACTIVO|LIMA|Lima|San Isidro|947606840
SEGMENTO_004|RUC|2045121201|CLIENT_00767|HABIDO|ACTIVO|LIMA|Lima|La Victoria|941046496
SEGMENTO_004|RUC|2009737179|CLIENT_00686|HABIDO|BAJA DE OFICIO|LIMA|Lima|Lima|941899418
SEGMENTO_004|RUC|2015571136|CLIENT_00819|HABIDO|ACTIVO|LIMA|Lima|Villa María del Triunfo|944027760
SEGMENTO_004|RUC|2097496783|CLIENT_00785|HABIDO|ACTIVO|LAMBAYEQUE|Chiclayo|La Victoria|928927180
SEGMENTO_004|RUC|2097519862|CLIENT_00745|HABIDO|ACTIVO|PIURA|Piura|Veintiseis de Octubre|925126349
SEGMENTO_004|RUC|2028857166|CLIENT_00631|HABIDO|ACTIVO|LIMA|Lima|Comas|947851494
SEGMENTO_004|RUC|2069655698|CLIENT_00548|HABIDO|ACTIVO|AREQUIPA|Arequipa|Yanahuara|902862493
SEGMENTO_002|RUC|1042311948|CLIENT_00722|HABIDO|ACTIVO|LIMA|Lima|Independencia|925412024
SEGMENTO_004|RUC|2092536593|CLIENT_00425|HABIDO|ACTIVO|LIMA|Lima|La Victoria|902714903
SEGMENTO_004|RUC|2009056636|CLIENT_00705|NO HABIDO|SUSPENSION TEMPORAL|LIMA|Lima|Santiago de Surco|936455310
SEGMENTO_004|RUC|2069507116|CLIENT_00675|HABIDO|ACTIVO|SAN MARTIN|Rioja|Rioja|940794042
SEGMENTO_004|RUC|2013392711|CLIENT_00135|HABIDO|ACTIVO|LIMA|Lima|San Borja|916821425
SEGMENTO_004|RUC|2029619768|CLIENT_00671|HABIDO|ACTIVO|LIMA|Lima|Lince|928543386
SEGMENTO_004|RUC|2033646347|CLIENT_00497|HABIDO|ACTIVO|LA LIBERTAD|Trujillo|Trujillo|901371816
SEGMENTO_004|RUC|2083952379|CLIENT_00646|HABIDO|ACTIVO|LA LIBERTAD|Trujillo|Trujillo|929948330
SEGMENTO_004|RUC|2088594219|CLIENT_00472|HABIDO|ACTIVO|CALLAO|Prov. Const. del Callao|Callao|910829214
SEGMENTO_004|RUC|2076815007|CLIENT_00152|HABIDO|ACTIVO|JUNIN|Huancayo|Huancayo|946038151
SEGMENTO_004|RUC|2003216433|CLIENT_00243|HABIDO|ACTIVO|CALLAO|Prov. Const. del Callao|Ventanilla|945736421
SEGMENTO_004|RUC|2033935445|CLIENT_00287|HABIDO|ACTIVO|LIMA|Lima|San Borja|946791266
SEGMENTO_002|RUC|2039754476|CLIENT_00765|HABIDO|ACTIVO|LIMA|Lima|Surquillo|916580756
SEGMENTO_004|RUC|2024298306|CLIENT_00511|HABIDO|ACTIVO|LIMA|Lima|San Juan de Lurigancho|929341306
SEGMENTO_004|RUC|2007346444|CLIENT_00407|HABIDO|ACTIVO|LIMA|Lima|Chorrillos|941596809
SEGMENTO_004|RUC|2058262861|CLIENT_00231|HABIDO|ACTIVO|LA LIBERTAD|Trujillo|Trujillo|940363455
SEGMENTO_004|RUC|2018488844|CLIENT_00289|HABIDO|ACTIVO|LIMA|Lima|Los Olivos|925089629
SEGMENTO_004|RUC|2072200035|CLIENT_00550|HABIDO|ACTIVO|LIMA|Lima|Breña|930969179
SEGMENTO_004|RUC|1038544262|CLIENT_00966|HABIDO|ACTIVO|LIMA|Lima|Jesús María|915352692
SEGMENTO_004|RUC|2093305474|CLIENT_00330|HABIDO|ACTIVO|TACNA|Tacna|Tacna|901378151
SEGMENTO_004|RUC|2044662368|CLIENT_00741|HABIDO|ACTIVO|CUSCO|Cusco|Cusco|916997764
SEGMENTO_002|RUC|2010945037|CLIENT_00252|HABIDO|ACTIVO|LIMA|Lima|La Molina|928284518
SEGMENTO_004|RUC|2017768500|CLIENT_00417|HABIDO|ACTIVO|LIMA|Lima|Santiago de Surco|914286760
SEGMENTO_004|RUC|2027354004|CLIENT_00836|HABIDO|ACTIVO|CALLAO|Prov. Const. del Callao|Callao|945662079
SEGMENTO_004|RUC|2067912703|CLIENT_00808|HABIDO|ACTIVO|LIMA|Lima|La Victoria|928094068
SEGMENTO_004|RUC|2097027071|CLIENT_00616|HABIDO|ACTIVO|AREQUIPA|Arequipa|Arequipa|925324028
SEGMENTO_002|RUC|2045107949|CLIENT_00795|HABIDO|ACTIVO|LIMA|Lima|Ate|941897135
SEGMENTO_004|RUC|2072946039|CLIENT_00824|HABIDO|ACTIVO|CUSCO|Cusco|San Sebastian|941864546
SEGMENTO_004|RUC|2098279770|CLIENT_00182|HABIDO|ACTIVO|AYACUCHO|Huamanga|Ayacucho|917929995
SEGMENTO_004|RUC|2082378549|CLIENT_00977|HABIDO|ACTIVO|PIURA|Piura|Piura|915894810
SEGMENTO_004|RUC|2011119672|CLIENT_00938|HABIDO|ACTIVO|LIMA|Lima|Miraflores|961859698
SEGMENTO_004|RUC|2092679466|CLIENT_00431|HABIDO|ACTIVO|LIMA|Lima|San Martín de Porres|942615919
SEGMENTO_004|RUC|2059315520|CLIENT_00186|HABIDO|ACTIVO|LIMA|Lima|Breña|930107071
SEGMENTO_004|RUC|2050502220|CLIENT_00468|HABIDO|ACTIVO|CUSCO|Cusco|Wanchaq|940033847
SEGMENTO_002|RUC|2021159453|CLIENT_00381|HABIDO|ACTIVO|LIMA|Lima|Santa Anita|914068652
SEGMENTO_004|RUC|2094370630|CLIENT_00139|HABIDO|ACTIVO|LIMA|Lima|San Miguel|931714972
SEGMENTO_002|RUC|2078694927|CLIENT_00385|HABIDO|ACTIVO|LIMA|Lima|Lima|929735381
SEGMENTO_004|RUC|2080608107|CLIENT_00240|HABIDO|ACTIVO|LIMA|Lima|San Juan de Lurigancho|901024733
SEGMENTO_004|RUC|2083401881|CLIENT_00445|HABIDO|ACTIVO|CAJAMARCA|Jaén|Pucara|946831872
SEGMENTO_004|RUC|2095429301|CLIENT_00224|HABIDO|ACTIVO|ANCASH|Santa|Nuevo Chimbote|961260530
SEGMENTO_004|RUC|2046766017|CLIENT_00089|HABIDO|ACTIVO|CALLAO|Prov. Const. del Callao|La Perla|914370834
SEGMENTO_004|RUC|2043108067|CLIENT_00772|HABIDO|ACTIVO|LIMA|Lima|La Victoria|910819694
SEGMENTO_004|RUC|2003837536|CLIENT_00746|HABIDO|ACTIVO|LA LIBERTAD|Chepén|Chepen|930352196
SEGMENTO_004|RUC|2084282369|CLIENT_00074|HABIDO|ACTIVO|PIURA|Piura|Piura|910992027
SEGMENTO_004|RUC|2039889808|CLIENT_00627|HABIDO|SUSPENSION TEMPORAL|CAJAMARCA|Cajamarca|Cajamarca|945289694
SEGMENTO_004|RUC|2089657456|CLIENT_00807|HABIDO|ACTIVO|LIMA|Lima|Chorrillos|930031791
SEGMENTO_004|RUC|2025216315|CLIENT_00075|HABIDO|ACTIVO|LA LIBERTAD|Trujillo|Trujillo|946725033
SEGMENTO_004|RUC|2015243618|CLIENT_00254|HABIDO|ACTIVO|APURIMAC|Abancay|Abancay|916605302
SEGMENTO_004|RUC|2083627939|CLIENT_00277|HABIDO|ACTIVO|LA LIBERTAD|Trujillo|Trujillo|946481922
SEGMENTO_004|RUC|2024916491|CLIENT_00984|HABIDO|ACTIVO|LIMA|Lima|Surquillo|941580023
SEGMENTO_004|RUC|2065010802|CLIENT_00191|HABIDO|ACTIVO|APURIMAC|Abancay|Abancay|945765553
SEGMENTO_004|RUC|2045140447|CLIENT_00274|HABIDO|ACTIVO|PIURA|Sullana|Sullana|961764172
SEGMENTO_004|RUC|2088171360|CLIENT_00941|HABIDO|ACTIVO|LIMA|Lima|San Isidro|931931275
SEGMENTO_004|RUC|2004492803|CLIENT_00211|HABIDO|ACTIVO|LIMA|Lima|Lince|930466036
SEGMENTO_004|RUC|2099870926|CLIENT_00868|HABIDO|ACTIVO|MOQUEGUA|Ilo|Ilo|928365899
SEGMENTO_004|RUC|2030249779|CLIENT_00177|HABIDO|ACTIVO|ICA|Ica|Ica|929549707
SEGMENTO_004|RUC|2014622738|CLIENT_00043|HABIDO|ACTIVO|CUSCO|Cusco|Cusco|936408746
SEGMENTO_004|RUC|2014647743|CLIENT_00166|HABIDO|ACTIVO|LIMA|Lima|Lurigancho|902383686
SEGMENTO_004|RUC|2052009555|CLIENT_00491|HABIDO|BAJA DE OFICIO|PIURA|Piura|Castilla|917770800
SEGMENTO_004|RUC|2070129626|CLIENT_00728|HABIDO|ACTIVO|LIMA|Lima|San Luis|910811753
SEGMENTO_004|RUC|2025439397|CLIENT_00590|HABIDO|ACTIVO|LIMA|Lima|San Juan de Miraflores|941508955
SEGMENTO_004|RUC|2026874104|CLIENT_00981|HABIDO|ACTIVO|LIMA|Lima|Magdalena del Mar|931115344
SEGMENTO_004|RUC|2011456069|CLIENT_00313|HABIDO|ACTIVO|LIMA|Lima|Chorrillos|930635606
SEGMENTO_004|RUC|2050766085|CLIENT_00699|HABIDO|ACTIVO|LIMA|Lima|Magdalena del Mar|942244927
SEGMENTO_004|RUC|2045742723|CLIENT_00001|HABIDO|ACTIVO|LIMA|Lima|Miraflores|929705908
SEGMENTO_004|RUC|2021245754|CLIENT_00454|HABIDO|ACTIVO|LA LIBERTAD|Trujillo|Trujillo|940186580
SEGMENTO_004|RUC|2025969955|CLIENT_00430|HABIDO|ACTIVO|JUNIN|Huancayo|El Tambo|920233021
SEGMENTO_004|RUC|2071854449|CLIENT_00591|HABIDO|BAJA DE OFICIO|LIMA|Lima|San Juan de Lurigancho|931564194
SEGMENTO_004|RUC|2078938243|CLIENT_00676|HABIDO|ACTIVO|LIMA|Lima|Lince|915437473
SEGMENTO_004|RUC|2054854170|CLIENT_00245|HABIDO|ACTIVO|LIMA|Lima|Lima|915445022
SEGMENTO_004|RUC|2030716976|CLIENT_00848|HABIDO|ACTIVO|LIMA|Lima|Miraflores|937984611
SEGMENTO_002|RUC|2076627493|CLIENT_00738|HABIDO|ACTIVO|LIMA|Lima|La Victoria|961449575
SEGMENTO_004|RUC|2030814352|CLIENT_00987|HABIDO|ACTIVO|CUSCO|Cusco|Cusco|925970563
SEGMENTO_004|RUC|2094456978|CLIENT_00488|HABIDO|ACTIVO|PIURA|Talara|Mancora|961441585
SEGMENTO_004|RUC|2060524559|CLIENT_00389|HABIDO|ACTIVO|CALLAO|Prov. Const. del Callao|Bellavista|929043814
SEGMENTO_004|RUC|2037220961|CLIENT_00351|HABIDO|ACTIVO|LIMA|Lima|La Molina|915982287
SEGMENTO_004|RUC|2091907227|CLIENT_00779|HABIDO|ACTIVO|LA LIBERTAD|Trujillo|Trujillo|945259087
SEGMENTO_004|RUC|2069670596|CLIENT_00647|HABIDO|ACTIVO|LIMA|Lima|Santiago de Surco|937096623
SEGMENTO_004|RUC|2043325056|CLIENT_00080|HABIDO|ACTIVO|LIMA|Lima|Santiago de Surco|947940590
SEGMENTO_004|RUC|2080444231|CLIENT_00903|HABIDO|ACTIVO|LIMA|Lima|San Juan de Lurigancho|931304810
SEGMENTO_004|RUC|2082043891|CLIENT_00584|HABIDO|ACTIVO|AREQUIPA|Arequipa|Arequipa|937766263
SEGMENTO_004|RUC|2034511123|CLIENT_00648|HABIDO|ACTIVO|LIMA|Lima|Miraflores|929045149
SEGMENTO_004|RUC|2059564423|CLIENT_00991|HABIDO|ACTIVO|LIMA|Lima|San Martín de Porres|917532153
SEGMENTO_004|RUC|2045653206|CLIENT_00799|HABIDO|BAJA DE OFICIO|LIMA|Lima|Carabayllo|902141959
SEGMENTO_004|RUC|2063755498|CLIENT_00835|HABIDO|ACTIVO|LIMA|Lima|La Victoria|936298811
SEGMENTO_004|RUC|2075533541|CLIENT_00465|HABIDO|ACTIVO|JUNIN|Huancayo|Huancayo|915125312
SEGMENTO_004|RUC|2027441094|CLIENT_00355|HABIDO|ACTIVO|LA LIBERTAD|Pacasmayo|Pacasmayo|901513474
SEGMENTO_004|RUC|2034169414|CLIENT_00863|HABIDO|ACTIVO|LIMA|Lima|Lima|942264024
SEGMENTO_004|RUC|2070942382|CLIENT_00382|HABIDO|ACTIVO|LA LIBERTAD|Trujillo|Trujillo|930565850
SEGMENTO_004|RUC|2086726498|CLIENT_00956|HABIDO|ACTIVO|AREQUIPA|Arequipa|Cerro Colorado|930525962
SEGMENTO_004|RUC|2082219164|CLIENT_00707|HABIDO|ACTIVO|LA LIBERTAD|Virú|Viru|901391888
SEGMENTO_004|RUC|2063701019|CLIENT_00709|HABIDO|ACTIVO|ICA|Chincha|Chincha Alta|945849768
SEGMENTO_004|RUC|2012952033|CLIENT_00988|HABIDO|ACTIVO|LIMA|Lima|Santiago de Surco|941713072
SEGMENTO_004|RUC|2054510534|CLIENT_00526|HABIDO|ACTIVO|LIMA|Lima|Miraflores|936641066
SEGMENTO_004|RUC|2016855055|CLIENT_00971|HABIDO|ACTIVO|LIMA|Lima|Santiago de Surco|910430715
SEGMENTO_004|RUC|2038909371|CLIENT_00713|HABIDO|ACTIVO|LIMA|Lima|Santiago de Surco|937549724
SEGMENTO_004|RUC|2041738350|CLIENT_00316|HABIDO|ACTIVO|JUNIN|Chanchamayo|Chanchamayo|940134512
SEGMENTO_004|RUC|2047439188|CLIENT_00050|HABIDO|ACTIVO|LIMA|Lima|San Juan de Lurigancho|947815582
SEGMENTO_004|RUC|2006503400|CLIENT_00037|HABIDO|ACTIVO|LIMA|Lima|Chorrillos|944834603
SEGMENTO_004|RUC|2024177972|CLIENT_00132|HABIDO|ACTIVO|LA LIBERTAD|Trujillo|Trujillo|916307563
SEGMENTO_004|RUC|2075982270|CLIENT_00094|HABIDO|ACTIVO|CUSCO|Cusco|Cusco|947192375
SEGMENTO_004|RUC|2011082543|CLIENT_00782|HABIDO|ACTIVO|LA LIBERTAD|Trujillo|Victor Larco Herrera|928709820
SEGMENTO_004|RUC|2042324093|CLIENT_00826|HABIDO|ACTIVO|LIMA|Lima|San Juan de Lurigancho|940576729
SEGMENTO_004|RUC|2090674309|CLIENT_00855|HABIDO|ACTIVO|LIMA|Lima|San Juan de Lurigancho|902266339
SEGMENTO_004|RUC|2080420835|CLIENT_00720|HABIDO|SUSPENSION TEMPORAL|LIMA|Lima|Comas|916567470
SEGMENTO_004|RUC|2090631860|CLIENT_00033|HABIDO|ACTIVO|LIMA|Cañete|San Vicente de Cañete|936632106
SEGMENTO_004|RUC|2024280784|CLIENT_00727|HABIDO|ACTIVO|LA LIBERTAD|Trujillo|Trujillo|925804682
SEGMENTO_004|RUC|2021496960|CLIENT_00814|HABIDO|ACTIVO|AREQUIPA|Arequipa|Yanahuara|945864109
SEGMENTO_004|RUC|2025086317|CLIENT_00367|HABIDO|ACTIVO|AREQUIPA|Islay|Mollendo|914974012
SEGMENTO_004|RUC|2091617136|CLIENT_00837|HABIDO|ACTIVO|LIMA|Lima|Lince|940111476
SEGMENTO_002|RUC|2002459973|CLIENT_00887|HABIDO|ACTIVO|LIMA|Lima|Ate|945223997
SEGMENTO_004|RUC|2002302343|CLIENT_00020|HABIDO|ACTIVO|PIURA|Sullana|Querecotillo|930973886
SEGMENTO_004|RUC|2092890011|CLIENT_00062|HABIDO|ACTIVO|LIMA|Lima|Lima|914646548
SEGMENTO_004|RUC|2013415082|CLIENT_00927|HABIDO|ACTIVO|CALLAO|Prov. Const. del Callao|Callao|915754621
SEGMENTO_002|RUC|2005559505|CLIENT_00406|HABIDO|ACTIVO|LIMA|Lima|Magdalena del Mar|942736190
SEGMENTO_004|RUC|2062876920|CLIENT_00061|HABIDO|ACTIVO|LIMA|Lima|Surquillo|910541767
SEGMENTO_004|RUC|2070947882|CLIENT_00260|HABIDO|ACTIVO|LIMA|Lima|La Victoria|942377664
SEGMENTO_004|RUC|2055129772|CLIENT_00018|HABIDO|ACTIVO|LIMA|Lima|Santiago de Surco|944142518
SEGMENTO_004|RUC|2019605219|CLIENT_00561|HABIDO|ACTIVO|LIMA|Lima|Santiago de Surco|901319566
SEGMENTO_004|RUC|2096100663|CLIENT_00636|HABIDO|ACTIVO|LIMA|Lima|Miraflores|940653861
SEGMENTO_004|RUC|2092329999|CLIENT_00015|HABIDO|ACTIVO|LIMA|Lima|Miraflores|928587198
SEGMENTO_004|RUC|2011807911|CLIENT_00490|HABIDO|ACTIVO|LIMA|Lima|Lince|947789226
SEGMENTO_004|RUC|2054219699|CLIENT_00072|HABIDO|ACTIVO|LIMA|Lima|Magdalena del Mar|940580039
SEGMENTO_004|RUC|2054205660|CLIENT_00625|HABIDO|ACTIVO|LIMA|Lima|San Isidro|902967110
SEGMENTO_004|RUC|2086306604|CLIENT_00634|HABIDO|ACTIVO|LIMA|Lima|La Molina|914048312
SEGMENTO_004|RUC|2074355904|CLIENT_00935|HABIDO|ACTIVO|LIMA|Lima|Jesús María|936424448
SEGMENTO_004|RUC|2096523728|CLIENT_00797|HABIDO|ACTIVO|AREQUIPA|Arequipa|Arequipa|928294867
SEGMENTO_004|RUC|2013697319|CLIENT_00507|HABIDO|ACTIVO|TACNA|Tacna|Tacna|920811479
SEGMENTO_004|RUC|2049726118|CLIENT_00693|HABIDO|ACTIVO|LIMA|Lima|Lima|941419180
SEGMENTO_004|RUC|2047423588|CLIENT_00258|HABIDO|ACTIVO|LIMA|Lima|San Juan de Lurigancho|929358231
SEGMENTO_004|RUC|2071395567|CLIENT_00118|HABIDO|ACTIVO|AREQUIPA|Arequipa|Arequipa|937507832
SEGMENTO_002|RUC|2023381522|CLIENT_00756|HABIDO|ACTIVO|LIMA|Lima|San Isidro|936195954
SEGMENTO_002|RUC|2056046163|CLIENT_00994|HABIDO|ACTIVO|LIMA|Lima|Santiago de Surco|916117890
SEGMENTO_004|RUC|2033541980|CLIENT_00010|HABIDO|ACTIVO|ANCASH|Santa|Chimbote|902212473
SEGMENTO_004|RUC|2047100108|CLIENT_00873|HABIDO|ACTIVO|LIMA|Lima|Lima|916601785
SEGMENTO_002|RUC|2057599438|CLIENT_00321|HABIDO|ACTIVO|PIURA|Piura|Piura|947991137
SEGMENTO_004|RUC|2088855451|CLIENT_00667|HABIDO|ACTIVO|LIMA|Lima|Lima|944595846
SEGMENTO_004|RUC|2039071279|CLIENT_00736|HABIDO|ACTIVO|LIMA|Lima|Miraflores|914613303
SEGMENTO_004|RUC|2099999001|CLIENT_01001|HABIDO|ACTIVO|LIMA|Lima|San Isidro|901528082
SEGMENTO_004|RUC|2099999002|CLIENT_01002|HABIDO|ACTIVO|LIMA|Lima|San Isidro|904388543
SEGMENTO_004|RUC|2099999003|CLIENT_01003|HABIDO|ACTIVO|LIMA|Lima|San Isidro|937239826
